0.00000000		0.00000000
0.07463132		132746299123811.03125000
0.14926264		753471442034517.25000000
0.22389396		2486447994316075.50000000
0.29852529		1226041874667580.50000000
0.37315661		224958486845179.68750000
0.44778793		421228367252820.12500000
0.52241925		508287927994778.75000000
0.59705057		603661797137945.25000000
0.67168189		755460211739796.50000000
0.74631321		172305159052521.68750000
0.82094453		1824621742696480.50000000
0.89557586		883948913054420.37500000
0.97020718		124882093436714.01562500
1.04483850		88442569712.97422791
1.11946982		1410755765977651.50000000
1.19410114		3371133574462718.50000000
1.26873246		1421520984902209.00000000
1.34336378		988351035580601.62500000
1.41799510		7061183136371105.00000000
1.49262643		5899638783593260.00000000
1.56725775		17006647877116704.00000000
1.64188907		22645481987394364.00000000
1.71652039		57913215853171584.00000000
1.79115171		32093906905643104.00000000
1.86578303		19048937745964236.00000000
1.94041435		7841753441758747.00000000
2.01504567		34617304727862036.00000000
2.08967700		3826139295625144.00000000
2.16430832		7562392621760821.00000000
2.23893964		4899588342247093.00000000
2.31357096		6481598361062569.00000000
2.38820228		5608231954440337.00000000
2.46283360		5337705261810190.00000000
2.53746492		71488254564307.59375000
2.61209624		35148603726768948.00000000
2.68672757		27693876139308600.00000000
2.76135889		1903299729616946.75000000
2.83599021		34100571600065644.00000000
2.91062153		17633968429834306.00000000
2.98525285		25936005526526996.00000000
3.05988417		13256587083553786.00000000
3.13451549		2608740640875580.50000000
3.20914681		8338715374354629.00000000
3.28377814		10201227725044928.00000000
3.35840946		16426551591047704.00000000
3.43304078		29287679925634692.00000000
3.50767210		29151465280379688.00000000
3.58230342		26394726148478264.00000000
3.65693474		18993621249054028.00000000
3.73156606		4166470850958250.00000000
3.80619738		16599226112644924.00000000
3.88082871		2585840398831700.50000000
3.95546003		7682454851423044.00000000
4.03009135		7530244607731299.00000000
4.10472267		6768842220509135.00000000
4.17935399		4200471442997881.50000000
4.25398531		3008103744757131.50000000
4.32861663		7232669796848239.00000000
4.40324796		95415971453873.35937500
4.47787928		8726130812288693.00000000
4.55251060		5219918297001198.00000000
4.62714192		5198150601202452.00000000
4.70177324		4393557721740210.50000000
4.77640456		4478521567709655.50000000
4.85103588		19110659028516688.00000000
4.92566720		1887722786787596.50000000
5.00029853		8750510721033430.00000000
5.07492985		81091927899740.06250000
5.14956117		3656603996588162.50000000
5.22419249		5036626683894470.00000000
5.29882381		20929418227135864.00000000
5.37345513		4049453369684528.50000000
5.44808645		51719428147303224.00000000
5.52271777		19732781094884636.00000000
5.59734910		4016941714138519.50000000
5.67198042		844245094280740.50000000
5.74661174		46235255775913.88281250
5.82124306		15955737303549818.00000000
5.89587438		3694925372135145.00000000
5.97050570		1882116840716649.00000000
6.04513702		3594285054700662.00000000
6.11976834		11742106380458098.00000000
6.19439967		9879026639661336.00000000
6.26903099		19620782741007952.00000000
6.34366231		1981683001556239.75000000
6.41829363		406430134136300.62500000
6.49292495		4665844969083336.00000000
6.56755627		699542869399323.37500000
6.64218759		2562749211403655.50000000
6.71681891		22373796744272680.00000000
6.79145024		4344209245269363.00000000
6.86608156		11080949526529480.00000000
6.94071288		8019415368879625.00000000
7.01534420		2059858581184556.25000000
7.08997552		1105714676357784.87500000
7.16460684		5742080751444897.00000000
7.23923816		5985004067303752.00000000
7.31386948		31770436534758800.00000000
7.38850081		2487853654899527.00000000
7.46313213		2314631307735564.00000000
7.53776345		3346884069046791.50000000
7.61239477		4184065427745988.50000000
7.68702609		4512316952337768.00000000
7.76165741		2640327081769490.00000000
7.83628873		21276954047619616.00000000
7.91092005		4261611294179016.50000000
7.98555138		9423132536081698.00000000
8.06018270		720027989975473.37500000
8.13481402		831481327692540.25000000
8.20944534		2183226357777098.75000000
8.28407666		22462914743654688.00000000
8.35870798		7008786482629233.00000000
8.43333930		9466313964321048.00000000
8.50797063		8640461448070573.00000000
8.58260195		66179074899551.59375000
8.65723327		15175799517912274.00000000
8.73186459		9679916967287288.00000000
8.80649591		8853061089099012.00000000
8.88112723		2716073665864384.00000000
8.95575855		3079406098325720.00000000
9.03038987		2591362508796424.00000000
9.10502120		1138330835941137.75000000
9.17965252		3796687375370718.00000000
9.25428384		252276223696441.09375000
9.32891516		3965264126264682.00000000
9.40354648		1546480203209652.75000000
9.47817780		274272058708699.75000000
9.55280912		332781692620176.81250000
9.62744044		436028691819291.50000000
9.70207177		1760653183017668.75000000
9.77670309		2770711109061645.50000000
9.85133441		2268155986375548.50000000
9.92596573		1980886993952606.25000000
10.00059705		4322159857956662.50000000
10.07522837		3932051694087026.00000000
10.14985969		1035455713413025.87500000
10.22449101		6960288420169900.00000000
10.29912234		1777879506896329.25000000
10.37375366		3010746927729670.00000000
10.44838498		13127162909086880.00000000
10.52301630		6473813186025849.00000000
10.59764762		2499205958374861.50000000
10.67227894		2677744673323298.50000000
10.74691026		7729216720068174.00000000
10.82154158		825781001381760.87500000
10.89617291		333652754094697.50000000
10.97080423		674702763184499.12500000
11.04543555		14651273691256160.00000000
11.12006687		1044800729458692.62500000
11.19469819		7628022544552713.00000000
11.26932951		2762691574026509.50000000
11.34396083		2753709203680375.50000000
11.41859215		24683651222564520.00000000
11.49322348		22518212255329776.00000000
11.56785480		36064504938780.34375000
11.64248612		11845089537645694.00000000
11.71711744		4347343497561763.50000000
11.79174876		4519854378237763.00000000
11.86638008		539362606646081.93750000
11.94101140		8838440380480219.00000000
12.01564272		15235633301438102.00000000
12.09027405		14041396106771502.00000000
12.16490537		4333635498202624.50000000
12.23953669		18829542884640164.00000000
12.31416801		303214777408842.62500000
12.38879933		16081161163242232.00000000
12.46343065		14230270309448152.00000000
12.53806197		723567802949670.62500000
12.61269330		486860969484456.18750000
12.68732462		3011650511809172.50000000
12.76195594		5621453454505797.00000000
12.83658726		8931548449482632.00000000
12.91121858		1796760327607427.50000000
12.98584990		2355308176169785.50000000
13.06048122		9659474664054596.00000000
13.13511254		851073384547493.62500000
13.20974387		14885065704633046.00000000
13.28437519		1477610329050937.25000000
13.35900651		4864875443868402.00000000
13.43363783		8111900728048233.00000000
13.50826915		29257452588915304.00000000
13.58290047		54175398193663512.00000000
13.65753179		131229104168207424.00000000
13.73216311		51015367590468248.00000000
13.80679444		28499802994080164.00000000
13.88142576		1472678530711965.25000000
13.95605708		4407837869047628.00000000
14.03068840		4905352146013396.00000000
14.10531972		18134484548082.45703125
14.17995104		8172920918660870.00000000
14.25458236		15053188929185444.00000000
14.32921368		1966195813476631.75000000
14.40384501		888851853474885.50000000
14.47847633		4222600963393313.00000000
14.55310765		7246402747745129.00000000
14.62773897		5663762728212780.00000000
14.70237029		1093977504937813.37500000
14.77700161		3839143348215401.50000000
14.85163293		15470769964724546.00000000
14.92626425		1565967811628414.25000000
15.00089558		3467269097254097.00000000
15.07552690		4738160879766144.00000000
15.15015822		961997396617406.12500000
15.22478954		42709446795089.98437500
15.29942086		7514956180794343.00000000
15.37405218		4909307970435093.00000000
15.44868350		18169089703881908.00000000
15.52331482		18230021138581404.00000000
15.59794615		16030999806916318.00000000
15.67257747		11914707593450278.00000000
15.74720879		9514837116224146.00000000
15.82184011		1269726877220657.50000000
15.89647143		8891946932700079.00000000
15.97110275		2132389025318463.25000000
16.04573407		1160372328587183.00000000
16.12036540		3546047510053489.00000000
16.19499672		2426385242552849.50000000
16.26962804		2381437578627799.50000000
16.34425936		2407568952432074.50000000
16.41889068		22381624761305.37500000
16.49352200		3291257712547746.00000000
16.56815332		739183855159759.50000000
16.64278464		1031578922422794.87500000
16.71741597		9842601215963710.00000000
16.79204729		8170573456463860.00000000
16.86667861		1405224840689382.25000000
16.94130993		2821642318319036.00000000
17.01594125		2926061091272643.50000000
17.09057257		1457637687245247.25000000
17.16520389		766903704440955.37500000
17.23983521		2404055191318551.00000000
17.31446654		2650263624962925.50000000
17.38909786		1988116560021313.75000000
17.46372918		27055690553516.40625000
17.53836050		2574879532700227.00000000
17.61299182		681005638890926.62500000
17.68762314		787649671479209.12500000
17.76225446		1109164591545115.25000000
17.83688578		4775145116446094.00000000
17.91151711		14330452151310862.00000000
17.98614843		4721352019380109.00000000
18.06077975		2857649301666397.50000000
18.13541107		4702619820345364.00000000
18.21004239		5331200024296807.00000000
18.28467371		462477348074504.93750000
18.35930503		2901695790249248.00000000
18.43393635		3456775124281339.00000000
18.50856768		176755064300851.84375000
18.58319900		6541655137656019.00000000
18.65783032		260962623355717.84375000
18.73246164		431529398267515.37500000
18.80709296		1142641179528121.00000000
18.88172428		909336849741070.25000000
18.95635560		5835626646483130.00000000
19.03098692		1249109292822043.50000000
19.10561825		1406368853893934.50000000
19.18024957		837633702155102.00000000
19.25488089		702831971732543.50000000
19.32951221		315267159731024.93750000
19.40414353		7369125297521997.00000000
19.47877485		1042581883415052.62500000
19.55340617		902260179927847.37500000
19.62803749		1299587284536644.75000000
19.70266882		2798202794739577.50000000
19.77730014		2987622244944182.00000000
19.85193146		3665803557940408.00000000
19.92656278		84639467489158.64062500
20.00119410		3863417648007997.50000000
20.07582542		1391715257832.65332031
20.15045674		6632882144223538.00000000
20.22508807		2061842997935963.75000000
20.29971939		2997556141135573.50000000
20.37435071		986743109155263.37500000
20.44898203		389135519293708.31250000
20.52361335		791865399092286.87500000
20.59824467		4316653467759614.00000000
20.67287599		98434935764398.43750000
20.74750731		5422126065216642.00000000
20.82213864		1679025980907095.75000000
20.89676996		1512467041825523.75000000
20.97140128		1980297212580687.50000000
21.04603260		1755853374397104.75000000
21.12066392		1181437033690825.50000000
21.19529524		84126972915153.67187500
21.26992656		1953372364278476.00000000
21.34455788		1823268077863502.25000000
21.41918921		2756149619580312.50000000
21.49382053		7048066863844520.00000000
21.56845185		904798072710795.12500000
21.64308317		3517374419235915.50000000
21.71771449		1541764033776959.75000000
21.79234581		1731467964264253.00000000
21.86697713		922725525079158.50000000
21.94160845		934635060677944.50000000
22.01623978		1165317022474183.75000000
22.09087110		1095862408293124.37500000
22.16550242		3100301470626600.00000000
22.24013374		577387326266277.25000000
22.31476506		1837343656682483.25000000
22.38939638		5925061335909841.00000000
22.46402770		1122767499289451.00000000
22.53865902		321782544867207.06250000
22.61329035		509633591849477.12500000
22.68792167		862625030118488.00000000
22.76255299		858468933041870.37500000
22.83718431		578060512596146.50000000
22.91181563		2149236784822393.00000000
22.98644695		2475239275386243.00000000
23.06107827		29915043728289.56250000
23.13570959		87793484980378.67187500
23.21034092		2120444304860442.75000000
23.28497224		615028223908488.25000000
23.35960356		2068074216970272.50000000
23.43423488		769760623807152.62500000
23.50886620		4058247072402508.00000000
23.58349752		1408313632433614.00000000
23.65812884		6849592658256333.00000000
23.73276016		7422766975837750.00000000
23.80739149		1322566101869898.00000000
23.88202281		5258440692313889.00000000
23.95665413		2464906189704418.00000000
24.03128545		249350412836779.78125000
24.10591677		683891128906610.00000000
24.18054809		3257233317453233.00000000
24.25517941		340207939990461.87500000
24.32981074		732957529263000.00000000
24.40444206		1642141852852528.25000000
24.47907338		3190993108914574.50000000
24.55370470		3985102484156160.00000000
24.62833602		959200421345914.62500000
24.70296734		328490432471257.93750000
24.77759866		441419645481198.37500000
24.85222998		2145691719239205.25000000
24.92686131		1903263264157047.25000000
25.00149263		1531705818065547.00000000
25.07612395		413673118500122.56250000
25.15075527		358613776553310.81250000
25.22538659		2911706000177043.50000000
25.30001791		154743490620874.78125000
25.37464923		5208692358175767.00000000
25.44928055		338805759673814.12500000
25.52391188		1299695626345870.50000000
25.59854320		5089280480620608.00000000
25.67317452		5892801875061475.00000000
25.74780584		5185175408462841.00000000
25.82243716		248923959996755.75000000
25.89706848		952470316102330.62500000
25.97169980		1003126599654203.87500000
26.04633112		685097766366461.12500000
26.12096245		2148717520232564.25000000
26.19559377		3672427602504258.50000000
26.27022509		1731006262083959.75000000
26.34485641		2058815038532307.75000000
26.41948773		921854217637678.37500000
26.49411905		3297131076742655.50000000
26.56875037		3105128370616912.50000000
26.64338169		1194900857479296.75000000
26.71801302		240627699509174.21875000
26.79264434		122741721083826.03125000
26.86727566		3087429950057424.50000000
26.94190698		354079112000509.93750000
27.01653830		1259388763594164.00000000
27.09116962		5768194368795969.00000000
27.16580094		602980355901233.37500000
27.24043226		1374173517263148.50000000
27.31506359		415275997621956.68750000
27.38969491		1635309906932508.50000000
27.46432623		566098194282525.25000000
27.53895755		11144255550699674.00000000
27.61358887		1921081630179604.75000000
27.68822019		277219456967117.53125000
27.76285151		1403525010063274.00000000
27.83748283		479592344097599.00000000
27.91211416		565602863629231.62500000
27.98674548		483370834307539.50000000
28.06137680		622148957670997.37500000
28.13600812		1039559004939565.00000000
28.21063944		449051518794494.06250000
28.28527076		457997005402572.25000000
28.35990208		653574796355266.87500000
28.43453341		1602407176815710.75000000
28.50916473		1489623768042576.00000000
28.58379605		466723911530697.12500000
28.65842737		1765670805901225.75000000
28.73305869		3413568946027758.00000000
28.80769001		1253116222594995.00000000
28.88232133		1450119318597707.50000000
28.95695265		3295767549097459.50000000
29.03158398		880309289495944.87500000
29.10621530		280329106516389.31250000
29.18084662		3778293186680991.50000000
29.25547794		2151696343329178.50000000
29.33010926		180861708311303.06250000
29.40474058		1041509511021958.87500000
29.47937190		170267594057624.68750000
29.55400322		4395844491329723.00000000
29.62863455		217238283526097.84375000
29.70326587		1511207010587908.25000000
29.77789719		219847135568099.93750000
29.85252851		1231680551166443.00000000
29.92715983		1353380168643560.25000000
30.00179115		1521401846003948.00000000
30.07642247		310385464548499.56250000
30.15105379		700833477203366.75000000
30.22568512		2096360666882971.50000000
30.30031644		1416551534814230.25000000
30.37494776		352402890635157.12500000
30.44957908		3105484189545667.50000000
30.52421040		3649336975905.63964844
30.59884172		516609476627636.43750000
30.67347304		824140488632375.75000000
30.74810436		1797967813692918.50000000
30.82273569		433784813919235.56250000
30.89736701		1280772709499152.50000000
30.97199833		2694744024656905.50000000
31.04662965		1360087256752015.00000000
31.12126097		1524725095170203.25000000
31.19589229		7105972776433933.00000000
31.27052361		108153499192108.79687500
31.34515493		3032814030495525.00000000
31.41978626		5977816741466613.00000000
31.49441758		260339482441010.96875000
31.56904890		279033028166182.12500000
31.64368022		1199663053324179.75000000
31.71831154		581454505079699.62500000
31.79294286		2927516170579993.50000000
31.86757418		4426875195823624.00000000
31.94220550		5114213182855418.00000000
32.01683683		163236819343164.18750000
32.09146815		460038450660863.12500000
32.16609947		433787958472661.37500000
32.24073079		2975683329552288.50000000
32.31536211		3451096748577111.00000000
32.38999343		419089987178927.93750000
32.46462475		196167659558235.84375000
32.53925608		2099502951931768.50000000
32.61388740		1406189515065104.50000000
32.68851872		2815448821139963.00000000
32.76315004		301614011486656.68750000
32.83778136		300746767618048.62500000
32.91241268		854925089153461.12500000
32.98704400		2406514639510186.00000000
33.06167532		1081785180315087.87500000
33.13630665		1011771539424234.87500000
33.21093797		802851934383842.62500000
33.28556929		199012659862002.43750000
33.36020061		2921107057351566.00000000
33.43483193		2321910638755880.00000000
33.50946325		3145774337992962.50000000
33.58409457		172046361899413.53125000
33.65872589		75907327879300.34375000
33.73335722		1107448860298817.87500000
33.80798854		881819109129281.62500000
33.88261986		633081897088054.62500000
33.95725118		4561827968714175.00000000
34.03188250		630546095275435.50000000
34.10651382		7954460593158711.00000000
34.18114514		2672075334790495.50000000
34.25577646		4409464752778384.00000000
34.33040779		1201832834267.91723633
34.40503911		795236266633288.62500000
34.47967043		684095333164286.12500000
34.55430175		597038060880302.00000000
34.62893307		343826888822670.43750000
34.70356439		1618194750690631.75000000
34.77819571		4818502503373006.00000000
34.85282703		1612502946637514.00000000
34.92745836		409891124173250.12500000
35.00208968		4666401633685780.00000000
35.07672100		6238494471106333.00000000
35.15135232		855701609842892.75000000
35.22598364		2499690054570159.50000000
35.30061496		45365320743917.82812500
35.37524628		2656320300043480.50000000
35.44987760		1205244550413723.50000000
35.52450893		2162143963343779.25000000
35.59914025		3896529309699697.00000000
35.67377157		4432422294972010.50000000
35.74840289		6142120275584409.00000000
35.82303421		376149114531938.37500000
35.89766553		2089730512852856.50000000
35.97229685		2477709984789650.00000000
36.04692817		2992891586812556.00000000
36.12155950		866750365591771.25000000
36.19619082		330812619737941.31250000
36.27082214		2472612635923719.50000000
36.34545346		909673066789090.12500000
36.42008478		12778809074434402.00000000
36.49471610		1393178825411883.50000000
36.56934742		3043260723718900.50000000
36.64397875		246430115862699.71875000
36.71861007		1430998404727912.50000000
36.79324139		1366765379025177.50000000
36.86787271		1437540816911784.25000000
36.94250403		464005631731088.50000000
37.01713535		581674924873749.75000000
37.09176667		1399431547604258.75000000
37.16639799		528754838501546.68750000
37.24102932		840875529786933.87500000
37.31566064		516940866804031.93750000
37.39029196		426137837784867.62500000
37.46492328		289493856305840.31250000
37.53955460		894573598372206.62500000
37.61418592		2000347815080151.25000000
37.68881724		3403601204435969.00000000
37.76344856		649056370918388.62500000
37.83807989		951503091810296.50000000
37.91271121		447873478515749.00000000
37.98734253		1087489053196172.25000000
38.06197385		193515840858476.87500000
38.13660517		1055043259118434.62500000
38.21123649		1248675277154658.75000000
38.28586781		952465944799578.37500000
38.36049913		2616931768151406.00000000
38.43513046		3164803394194290.50000000
38.50976178		2827953788374752.50000000
38.58439310		2306869919414521.50000000
38.65902442		502039560848581.56250000
38.73365574		51719416014495.52343750
38.80828706		4434996617541558.00000000
38.88291838		2370377003538196.00000000
38.95754970		1435051079423878.25000000
39.03218103		55502341388342.43750000
39.10681235		858006928320836.37500000
39.18144367		1048882363078433.87500000
39.25607499		316747986755667.62500000
39.33070631		2720478205264476.00000000
39.40533763		3294340535642723.00000000
39.47996895		1151650153655634.25000000
39.55460027		1693208204128336.75000000
39.62923160		4267908620501402.50000000
39.70386292		81454752391414.28125000
39.77849424		33407492744326.34765625
39.85312556		2082629227784142.25000000
39.92775688		550805707998333.62500000
40.00238820		841455000685689.37500000
40.07701952		340155647101537.87500000
40.15165084		1130367148986268.75000000
40.22628217		2485434092590383.00000000
40.30091349		763084933122146.87500000
40.37554481		3869416933749098.00000000
40.45017613		269112317281202.90625000
40.52480745		8951032930122677.00000000
40.59943877		1524031380389528.50000000
40.67407009		1785722576261261.25000000
40.74870142		3826897466210764.00000000
40.82333274		3461252084558337.00000000
40.89796406		2299725159504827.00000000
40.97259538		3688976189472791.00000000
41.04722670		903847231861903.75000000
41.12185802		2075161585114314.75000000
41.19648934		2228576982740694.50000000
41.27112066		3552666335437504.00000000
41.34575199		1976397014963089.50000000
41.42038331		55089904900289.60156250
41.49501463		1366826163820826.00000000
41.56964595		137015475926387.81250000
41.64427727		2297120583311855.50000000
41.71890859		2305035167202293.00000000
41.79353991		1913985774437974.75000000
41.86817123		929026031628260.87500000
41.94280256		246804771238801.06250000
42.01743388		3079511293486543.50000000
42.09206520		5621502006398755.00000000
42.16669652		1559766855948531.00000000
42.24132784		388383368194799.12500000
42.31595916		169160331983101.65625000
42.39059048		659640957379688.62500000
42.46522180		658443373879928.75000000
42.53985313		4312207414854135.00000000
42.61448445		2172560959556466.50000000
42.68911577		450063543849641.62500000
42.76374709		712731458345099.12500000
42.83837841		4811086462720335.00000000
42.91300973		2328287198706.10888672
42.98764105		99892500841629.62500000
43.06227237		8401530597189860.00000000
43.13690370		1048795884146567.62500000
43.21153502		339920064883842.56250000
43.28616634		4296334645071727.50000000
43.36079766		821916033706188.37500000
43.43542898		1825274841129411.50000000
43.51006030		12584186557970134.00000000
43.58469162		2490716559464866.00000000
43.65932294		1411294457451261.75000000
43.73395427		1633405770235139.75000000
43.80858559		406520417081900.93750000
43.88321691		1539403916949912.75000000
43.95784823		1304040513934051.00000000
44.03247955		673662671878263.62500000
44.10711087		3805514794304459.50000000
44.18174219		890843491544750.00000000
44.25637351		2667169669874233.00000000
44.33100484		1387758279998846.75000000
44.40563616		368812423891158.18750000
44.48026748		235215460703759.37500000
44.55489880		95066237753250.51562500
44.62953012		1642793283424783.25000000
44.70416144		94794435255468.95312500
44.77879276		1155108330426351.50000000
44.85342409		4291625364513384.50000000
44.92805541		2613973760872620.50000000
45.00268673		1721228690963084.75000000
45.07731805		3324539510290451.00000000
45.15194937		3762676096720138.00000000
45.22658069		4148216537103989.00000000
45.30121201		1252564709120484.00000000
45.37584333		1894349133668094.50000000
45.45047466		2455929957549410.50000000
45.52510598		11249027592484802.00000000
45.59973730		1731672188650631.25000000
45.67436862		15417828019578026.00000000
45.74899994		1176747939738920.75000000
45.82363126		2950226023332668.50000000
45.89826258		40342196298688.75000000
45.97289390		2602004502702197.50000000
46.04752523		1600784631371891.00000000
46.12215655		141834029893691.09375000
46.19678787		644284527334757.37500000
46.27141919		309082625599209.68750000
46.34605051		754462313535864.50000000
46.42068183		1003455492245146.50000000
46.49531315		393197615678488.25000000
46.56994447		2963108829540624.50000000
46.64457580		3071494525097357.50000000
46.71920712		2645836397945975.00000000
46.79383844		290452533766593.18750000
46.86846976		774530244094950.37500000
46.94310108		1156760647036676.50000000
47.01773240		749730913012081.25000000
47.09236372		3381270407357475.50000000
47.16699504		549271284049938.87500000
47.24162637		471737323223357.00000000
47.31625769		2381025001073205.50000000
47.39088901		288377896360388.81250000
47.46552033		831234313044065.50000000
47.54015165		2484910218356151.50000000
47.61478297		2880895997941142.50000000
47.68941429		1608857872961548.25000000
47.76404561		893935124966608.37500000
47.83867694		1216503567271009.75000000
47.91330826		2050153176826500.75000000
47.98793958		16397248517552.33984375
48.06257090		6016714046941781.00000000
48.13720222		280168169460602.43750000
48.21183354		2813235072303518.50000000
48.28646486		1888096198751681.00000000
48.36109619		877750669702923.62500000
48.43572751		730712670125271.87500000
48.51035883		1862705825385996.00000000
48.58499015		589883955162075.00000000
48.65962147		599893128786924.62500000
48.73425279		456300242859701.37500000
48.80888411		191632663652094.37500000
48.88351543		1350531642968549.50000000
48.95814676		947061281006142.25000000
49.03277808		795627343897618.12500000
49.10740940		347216099105657.93750000
49.18204072		434116335832545.93750000
49.25667204		3059269078923124.50000000
49.33130336		956690026198635.00000000
49.40593468		2822645984802905.50000000
49.48056600		4474377997348579.00000000
49.55519733		776206940755025.75000000
49.62982865		2066651148072709.50000000
49.70445997		250337691224912.53125000
49.77909129		7197756822950816.00000000
49.85372261		694942693291098.25000000
49.92835393		439707751888414.00000000
50.00298525		218963705098904.43750000
50.07761657		1060683674452665.25000000
50.15224790		407466715626586.93750000
50.22687922		284615750938188.12500000
50.30151054		1051885934219253.62500000
50.37614186		232042248846255.93750000
50.45077318		1731306963362001.50000000
50.52540450		391866472364137.25000000
50.60003582		122651658841689.82812500
50.67466714		390545572740819.62500000
50.74929847		105095903749347.50000000
50.82392979		933537959378088.25000000
50.89856111		2442353752764892.50000000
50.97319243		308358587426073.12500000
51.04782375		386911285546790.18750000
51.12245507		659034318884662.25000000
51.19708639		4635276301547463.00000000
51.27171771		1657616552290144.75000000
51.34634904		4303540240584104.50000000
51.42098036		275651763740438.53125000
51.49561168		3171742550093451.50000000
51.57024300		2435672418128806.00000000
51.64487432		545913064341437.68750000
51.71950564		553314281864051.68750000
51.79413696		481241248385160.00000000
51.86876828		1757423391709072.00000000
51.94339961		2308577999433259.50000000
52.01803093		547005959843981.18750000
52.09266225		429055893593520.31250000
52.16729357		415510240032527.50000000
52.24192489		679325171117677.12500000
52.31655621		35277352850638.94531250
52.39118753		559104046511362.12500000
52.46581886		230121349279378.40625000
52.54045018		1340050109842539.75000000
52.61508150		353677974021460.50000000
52.68971282		1756024845268042.75000000
52.76434414		211572839138752.78125000
52.83897546		669751529835315.75000000
52.91360678		3094085058063.70849609
52.98823810		208343668170114.00000000
53.06286943		3728182605909877.00000000
53.13750075		4063244896749624.50000000
53.21213207		1802910279641846.50000000
53.28676339		1361158359704141.25000000
53.36139471		1975859835306822.25000000
53.43602603		2163087718435166.25000000
53.51065735		443468623976182.06250000
53.58528867		484243931191403.12500000
53.65992000		227222389960874.43750000
53.73455132		470879359379659.12500000
53.80918264		174279352958833.28125000
53.88381396		452019610048141.31250000
53.95844528		514024149525351.12500000
54.03307660		482293202014979.50000000
54.10770792		1218324461256970.75000000
54.18233924		2152976638938806.50000000
54.25697057		305398000817561.18750000
54.33160189		1045784479664264.62500000
54.40623321		2724102092089775.00000000
54.48086453		548418205223890.68750000
54.55549585		522681324340852.81250000
54.63012717		2152987416227474.00000000
54.70475849		117674229457795.35937500
54.77938981		12657402268511.15234375
54.85402114		1630293652995181.25000000
54.92865246		1979367130286077.00000000
55.00328378		538104052935735.68750000
55.07791510		303483018169164.06250000
55.15254642		986809940073991.37500000
55.22717774		1762410378514474.50000000
55.30180906		160473469232116.50000000
55.37644038		207352345715247.84375000
55.45107171		806231836620721.62500000
55.52570303		276734642551320.25000000
55.60033435		86268756612531.48437500
55.67496567		324543916504550.75000000
55.74959699		167416329763211.43750000
55.82422831		457257161400522.68750000
55.89885963		1158367204127477.00000000
55.97349095		26209851573146.95312500
56.04812228		547977499604510.56250000
56.12275360		1286754110190159.75000000
56.19738492		763160168722581.62500000
56.27201624		243512322762422.00000000
56.34664756		3107511051401845.50000000
56.42127888		58041128602071.69531250
56.49591020		619072360023.78381348
56.57054153		118784610864315.78125000
56.64517285		161216038344849.37500000
56.71980417		324484062967493.12500000
56.79443549		390879362864938.43750000
56.86906681		17680854798666.35156250
56.94369813		303799316589178.81250000
57.01832945		292825499868969.93750000
57.09296077		2340639608272866.50000000
57.16759210		955272634333.71728516
57.24222342		572633598014906.87500000
57.31685474		1492310190594194.75000000
57.39148606		2111159486155148.25000000
57.46611738		2271749634456204.00000000
57.54074870		250463134371496.40625000
57.61538002		81420943277133.96875000
57.69001134		664115419620373.00000000
57.76464267		321750596010602.81250000
57.83927399		563228212263102.50000000
57.91390531		874383025440949.50000000
57.98853663		334520181623007.75000000
58.06316795		92774660199020.90625000
58.13779927		544641171065172.18750000
58.21243059		424694693507605.12500000
58.28706191		737633216627832.12500000
58.36169324		680634113926401.75000000
58.43632456		237202279623657.96875000
58.51095588		268452641319051.37500000
58.58558720		574232217987008.25000000
58.66021852		329617293276718.31250000
58.73484984		2725195789620001.50000000
58.80948116		665417144689662.12500000
58.88411248		826640458607885.37500000
58.95874381		406495808407044.75000000
59.03337513		1189410401014194.75000000
59.10800645		941753553680120.37500000
59.18263777		2764028406186315.50000000
59.25726909		309383412216661.18750000
59.33190041		34811956249977.80078125
59.40653173		278944589743806.96875000
59.48116305		69740965273311.94531250
59.55579438		1930280502043477.00000000
59.63042570		260427629559815.31250000
59.70505702		216512540843946.65625000
59.77968834		136282531149341.14062500
59.85431966		515532875376450.25000000
59.92895098		281489309430984.62500000
60.00358230		131274107924081.85937500
60.07821362		357550494404412.12500000
60.15284495		581925703449700.25000000
60.22747627		936286243340682.00000000
60.30210759		569301223972929.25000000
60.37673891		906339897699089.50000000
60.45137023		220504020876754.59375000
60.52600155		1653402266473153.50000000
60.60063287		886497073071580.62500000
60.67526420		826652669038887.00000000
60.74989552		544315739050987.43750000
60.82452684		782813926591765.87500000
60.89915816		701281255522628.00000000
60.97378948		526329947852456.87500000
61.04842080		383405233356901.93750000
61.12305212		18822480152674.37890625
61.19768344		651490013772427.00000000
61.27231477		984615596135865.62500000
61.34694609		2075009412766948.75000000
61.42157741		939403445468088.50000000
61.49620873		595747031622427.12500000
61.57084005		2782507766121525.00000000
61.64547137		593994310371929.75000000
61.72010269		591643638097958.62500000
61.79473401		1010242618737302.50000000
61.86936534		319576018635039.68750000
61.94399666		671791642668593.00000000
62.01862798		1157556271161256.50000000
62.09325930		71357641842219.26562500
62.16789062		1171386561150191.25000000
62.24252194		861217184347550.75000000
62.31715326		14022205188635.82812500
62.39178458		79153367035858.71875000
62.46641591		249186643546883.34375000
62.54104723		818085472291479.50000000
62.61567855		371506950842859.18750000
62.69030987		754487228121188.62500000
62.76494119		105205118340724.00000000
62.83957251		2006602794930887.50000000
62.91420383		559489794932520.31250000
62.98883515		1565679012495916.50000000
63.06346648		185881634089698.28125000
63.13809780		1378642979285581.00000000
63.21272912		907038631117674.87500000
63.28736044		162004445738963.21875000
63.36199176		36501573699438.99218750
63.43662308		91482401853062.37500000
63.51125440		636370464929194.62500000
63.58588572		298074485918468.37500000
63.66051705		326464928816159.93750000
63.73514837		965366658935918.62500000
63.80977969		837729203766782.12500000
63.88441101		728394542657541.50000000
63.95904233		518347382153233.06250000
64.03367365		2113798605568794.25000000
64.10830497		800835730464806.87500000
64.18293629		212358779305169.43750000
64.25756762		295183353780437.12500000
64.33219894		666384877335607.00000000
64.40683026		204710614456124.15625000
64.48146158		685210472128750.25000000
64.55609290		352089362373638.18750000
64.63072422		122971555907037.78125000
64.70535554		3797606646719.73583984
64.77998687		1054251792832597.75000000
64.85461819		876170959357134.00000000
64.92924951		190783440527370.84375000
65.00388083		1392014669023766.25000000
65.07851215		553593783731915.12500000
65.15314347		367332290644240.81250000
65.22777479		193151713941443.37500000
65.30240611		2053898485061216.50000000
65.37703744		314000980230363.62500000
65.45166876		584526276111797.25000000
65.52630008		352675550357415.37500000
65.60093140		1144606098807343.25000000
65.67556272		99712719874826.04687500
65.75019404		281696682073664.25000000
65.82482536		31695618971094.48046875
65.89945668		1112771211304205.25000000
65.97408801		312999284163749.25000000
66.04871933		419237400796829.00000000
66.12335065		14206012753243.05078125
66.19798197		764561991614456.87500000
66.27261329		178421663890090.09375000
66.34724461		171360506438618.43750000
66.42187593		296936955909451.31250000
66.49650725		2072023235728666.25000000
66.57113858		438126562295873.25000000
66.64576990		1476564449358854.50000000
66.72040122		227073948216107.84375000
66.79503254		314189070085228.81250000
66.86966386		223482181753543.06250000
66.94429518		758063033185684.12500000
67.01892650		177080602787870.56250000
67.09355782		60266819864902.94531250
67.16818915		114412154021223.14062500
67.24282047		191035179884763.56250000
67.31745179		1111428179971261.75000000
67.39208311		30484168842500.17968750
67.46671443		898086095348785.25000000
67.54134575		203985408193658.78125000
67.61597707		1728078091869144.75000000
67.69060839		952401317042332.62500000
67.76523972		1311261922181464.50000000
67.83987104		734806007236.92578125
67.91450236		679298407953257.25000000
67.98913368		1453815035480356.50000000
68.06376500		127945139033662.23437500
68.13839632		1913810658315999.00000000
68.21302764		26504801139650.48828125
68.28765896		1067671468419194.87500000
68.36229029		179378920569028.28125000
68.43692161		43465589313713.09375000
68.51155293		1135078530473503.50000000
68.58618425		358135545688098.06250000
68.66081557		118630450396471.78125000
68.73544689		702226651912783.00000000
68.81007821		154370976884365.46875000
68.88470954		301358232365378.25000000
68.95934086		29486322560585.80859375
69.03397218		846607622745286.25000000
69.10860350		180160438748394.43750000
69.18323482		118817680670259.53125000
69.25786614		18752496920709.24218750
69.33249746		116896906511941.75000000
69.40712878		255030486435011.71875000
69.48176011		812121650680760.50000000
69.55639143		408092651878897.18750000
69.63102275		85066302387337.32812500
69.70565407		93110768066649.10937500
69.78028539		655646065711872.62500000
69.85491671		256568945021594.40625000
69.92954803		153930608634589.34375000
70.00417935		1419555361388489.00000000
70.07881068		425153740619379.25000000
70.15344200		45180177332405.21875000
70.22807332		1165373262532262.25000000
70.30270464		831114180411698.37500000
70.37733596		37411723428349.54687500
70.45196728		991157279362679.50000000
70.52659860		141285899058343.87500000
70.60122992		433191970866082.50000000
70.67586125		770119819406365.00000000
70.75049257		552386092884913.12500000
70.82512389		33225585611264.50000000
70.89975521		176101310947031.43750000
70.97438653		181440883015254.53125000
71.04901785		348164268615233.31250000
71.12364917		587681676632496.00000000
71.19828049		2315060438230574.00000000
71.27291182		184074872844418.53125000
71.34754314		291673340936207.81250000
71.42217446		555962024921455.06250000
71.49680578		400798091771357.81250000
71.57143710		1049617879809470.50000000
71.64606842		365119166175503.50000000
71.72069974		846852196422865.00000000
71.79533106		152329269906195.25000000
71.86996239		15661558664574.50390625
71.94459371		586473360969239.12500000
72.01922503		1565039038316085.25000000
72.09385635		353044681225847.31250000
72.16848767		772007124188115.37500000
72.24311899		586272585910966.75000000
72.31775031		382089467109037.12500000
72.39238163		3420906031100.63623047
72.46701296		678160809368410.87500000
72.54164428		173714539794798.06250000
72.61627560		1419215726529133.25000000
72.69090692		283809595024914.87500000
72.76553824		247843855263760.65625000
72.84016956		337776698665169.62500000
72.91480088		1522720038460952.00000000
72.98943221		392565503244126.12500000
73.06406353		1056602018832803.62500000
73.13869485		169194781704339.06250000
73.21332617		201313204596355.62500000
73.28795749		800431315545604.75000000
73.36258881		627402079260692.75000000
73.43722013		242617548295726.62500000
73.51185145		233765159885855.31250000
73.58648278		578424446018854.62500000
73.66111410		606236302198397.87500000
73.73574542		571984971831182.37500000
73.81037674		92379376199954.42187500
73.88500806		371751587435696.25000000
73.95963938		138859086357240.39062500
74.03427070		39991465284926.62500000
74.10890202		200206659007080.21875000
74.18353335		1011079168888936.62500000
74.25816467		206675563110633.50000000
74.33279599		214901745784171.28125000
74.40742731		24699765468639.13281250
74.48205863		173991027344634.62500000
74.55668995		66676222927097.95312500
74.63132127		366915508651695.68750000
74.70595259		33820503111078.69140625
74.78058392		650429455881153.50000000
74.85521524		1041850137050945.87500000
74.92984656		1217243876802093.25000000
75.00447788		45143547146120.03125000
75.07910920		1072193670960357.12500000
75.15374052		336354838659861.25000000
75.22837184		51993802825495.39843750
75.30300316		232490942990176.53125000
75.37763449		635037879928044.25000000
75.45226581		151839931205972.71875000
75.52689713		466033916706700.18750000
75.60152845		791166262403824.25000000
75.67615977		46886085895067.43750000
75.75079109		215511696930485.93750000
75.82542241		376186885257031.68750000
75.90005373		35570527710918.46093750
75.97468506		894824960876079.37500000
76.04931638		848727572726278.37500000
76.12394770		256802409347559.18750000
76.19857902		162083598993081.56250000
76.27321034		18142583545108.65234375
76.34784166		91235301606027.17187500
76.42247298		327548407701493.00000000
76.49710431		115923537812701.12500000
76.57173563		4780029690439.85156250
76.64636695		82626958260908.37500000
76.72099827		1079208481594918.37500000
76.79562959		79421728891434.23437500
76.87026091		606760087141558.50000000
76.94489223		506229113896909.93750000
77.01952355		1818346128131824.75000000
77.09415488		429491708591474.81250000
77.16878620		225906859850746.53125000
77.24341752		79587159030360.76562500
77.31804884		912219414720099.50000000
77.39268016		651437921845818.75000000
77.46731148		4063893890107.50634766
77.54194280		117677515047591.39062500
77.61657412		286003894486240.25000000
77.69120545		420013539575667.06250000
77.76583677		196793127155937.00000000
77.84046809		92197144402376.45312500
77.91509941		58596662634518.56250000
77.98973073		89689564278776.68750000
78.06436205		1011224307294288.37500000
78.13899337		590614773990639.37500000
78.21362469		589612252077565.00000000
78.28825602		114636599117734.26562500
78.36288734		243380778112336.93750000
78.43751866		61091550717666.92187500
78.51214998		302791125158701.56250000
78.58678130		374343370364148.06250000
78.66141262		155384913064555.09375000
78.73604394		253459215966236.34375000
78.81067526		1253831824127787.75000000
78.88530659		213171655278126.84375000
78.95993791		432168552855236.87500000
79.03456923		1039242107083993.62500000
79.10920055		208046556234514.65625000
79.18383187		211147361749555.84375000
79.25846319		547723682664551.37500000
79.33309451		58317012987887.92968750
79.40772583		1076803504113541.00000000
79.48235716		284140252263778.68750000
79.55698848		69386530581169.95312500
79.63161980		318051003460144.12500000
79.70625112		580707394210975.62500000
79.78088244		85047333288241.51562500
79.85551376		76741481014536.60937500
79.93014508		212873805707053.15625000
80.00477640		593080428056756.87500000
80.07940773		1923482973606531.75000000
80.15403905		52228759895699.51562500
80.22867037		127286705221892.31250000
80.30330169		39323095917421.22656250
80.37793301		251288639755506.84375000
80.45256433		1338210941311992.50000000
80.52719565		596406287163903.37500000
80.60182698		996012404954.31164551
80.67645830		650217677579917.00000000
80.75108962		1150058452219981.75000000
80.82572094		1036845512170915.75000000
80.90035226		53218346183776.85156250
80.97498358		344380233593970.00000000
81.04961490		142101563498211.37500000
81.12424622		1452803265657541.50000000
81.19887755		266645435814278.59375000
81.27350887		3463268087085240.00000000
81.34814019		174474575039637.50000000
81.42277151		128547872021188.21875000
81.49740283		18299825917610.95703125
81.57203415		289007491405293.81250000
81.64666547		257467792474228.84375000
81.72129679		291135110930602.37500000
81.79592812		256186630214216.56250000
81.87055944		179995065385704.03125000
81.94519076		83830289606342.90625000
82.01982208		79850926028207.46875000
82.09445340		708671018880957.00000000
82.16908472		1483459449633821.00000000
82.24371604		679249160959423.87500000
82.31834736		25557572870965.64843750
82.39297869		12606752931648.83398438
82.46761001		824781670629487.12500000
82.54224133		274713641507722.96875000
82.61687265		6619116153006.37304688
82.69150397		211467912779744.53125000
82.76613529		270975177506417.53125000
82.84076661		344127774428602.56250000
82.91539793		882495293328888.37500000
82.99002926		20925800607341.38281250
83.06466058		137058478763956.71875000
83.13929190		162044078265680.96875000
83.21392322		232005178821572.56250000
83.28855454		455937580183259.43750000
83.36318586		1317742394088607.25000000
83.43781718		462399272581798.50000000
83.51244850		123571918262598.09375000
83.58707983		271317924370153.21875000
83.66171115		180152081646717.84375000
83.73634247		324778725837072.31250000
83.81097379		89174072237778.95312500
83.88560511		60827506900815.45312500
83.96023643		388356772668106.25000000
84.03486775		442289780748635.81250000
84.10949907		216913261205635.03125000
84.18413040		463990717065035.31250000
84.25876172		1712452267763927.00000000
84.33339304		1394152948014809.75000000
84.40802436		116245399705316.20312500
84.48265568		1444729102269341.50000000
84.55728700		26093270770543.80468750
84.63191832		392155500620156.50000000
84.70654965		298126620958495.50000000
84.78118097		439303972378218.50000000
84.85581229		403388253931738.75000000
84.93044361		186727140592202.15625000
85.00507493		178522899705295.15625000
85.07970625		353670406715674.12500000
85.15433757		653083781009590.75000000
85.22896889		230301373716723.00000000
85.30360022		256509145151414.09375000
85.37823154		70261930365417.89843750
85.45286286		897752387436891.12500000
85.52749418		70075683889527.17968750
85.60212550		114008813384878.09375000
85.67675682		1208415258888796.25000000
85.75138814		337551228615763.43750000
85.82601946		722225488324505.50000000
85.90065079		24395972170757.25781250
85.97528211		161483328408619.68750000
86.04991343		1318657184346051.25000000
86.12454475		295002313401988.68750000
86.19917607		678815522661758.00000000
86.27380739		98313499843109.51562500
86.34843871		1062355999942647.37500000
86.42307003		327092469889145.62500000
86.49770136		163034021329589.03125000
86.57233268		628601076880427.87500000
86.64696400		85757823956710.76562500
86.72159532		120491023278183.65625000
86.79622664		629551458153166.75000000
86.87085796		171691376222076.90625000
86.94548928		2133847678847656.75000000
87.02012060		292890969058712.06250000
87.09475193		389884183177265.62500000
87.16938325		377702572622366.00000000
87.24401457		71286488104389.82812500
87.31864589		818563593970672.12500000
87.39327721		623024825697693.75000000
87.46790853		395675484592928.12500000
87.54253985		312765368898688.87500000
87.61717117		414588307920217.62500000
87.69180250		1229677233184820.25000000
87.76643382		243173444955142.18750000
87.84106514		250834715092599.50000000
87.91569646		283357981162575.06250000
87.99032778		1887742885132280.50000000
88.06495910		166542308713156.46875000
88.13959042		1000011102676991.50000000
88.21422174		204288293751625.34375000
88.28885307		67953705442492.28906250
88.36348439		183017516937571.31250000
88.43811571		218387787769201.12500000
88.51274703		230792937359327.46875000
88.58737835		433375578408669.81250000
88.66200967		88766354545195.96875000
88.73664099		439261166549959.81250000
88.81127232		185009025519207.09375000
88.88590364		110312142008773.04687500
88.96053496		941559322802969.62500000
89.03516628		139772795127192.53125000
89.10979760		676334250461790.62500000
89.18442892		823570639881665.62500000
89.25906024		20016270959257.48046875
89.33369156		196526216440345.62500000
89.40832289		5407486712889.65332031
89.48295421		1415139076517028.25000000
89.55758553		219585493295153.84375000
89.63221685		802692434427307.75000000
89.70684817		2027087025727173.50000000
89.78147949		221743197068839.65625000
89.85611081		21815479851336.89062500
89.93074213		182907869400534.84375000
90.00537346		23495511720741.88671875
90.08000478		646504403057.98864746
90.15463610		389173311587473.43750000
90.22926742		942878961809913.00000000
90.30389874		1366581468868399.75000000
90.37853006		38621249992021.34375000
90.45316138		918385986753229.62500000
90.52779270		172776457474914.43750000
90.60242403		482709709950316.06250000
90.67705535		243898586565221.87500000
90.75168667		865510788861387.50000000
90.82631799		233149274010781.87500000
90.90094931		121462703516793.31250000
90.97558063		304343435362463.43750000
91.05021195		185571468668710.03125000
91.12484327		35650991431166.92968750
91.19947460		717240081858564.50000000
91.27410592		270723918676819.90625000
91.34873724		316067327469612.25000000
91.42336856		247029733337550.34375000
91.49799988		268236908305706.87500000
91.57263120		392192639700058.75000000
91.64726252		620088171203404.87500000
91.72189384		166279991565536.40625000
91.79652517		784589497510603.12500000
91.87115649		490142656078264.75000000
91.94578781		28303860788093.74218750
92.02041913		536258741298980.18750000
92.09505045		125321296879168.43750000
92.16968177		34192847512793.57812500
92.24431309		493837026404769.37500000
92.31894441		106747731733111.34375000
92.39357574		162358806070896.65625000
92.46820706		470677882015652.68750000
92.54283838		802914487780124.62500000
92.61746970		123475764946605.39062500
92.69210102		68270397035408.13281250
92.76673234		16093419535800.11328125
92.84136366		347641082252722.56250000
92.91599499		983210807955807.87500000
92.99062631		436577448161044.43750000
93.06525763		241678618856836.31250000
93.13988895		450575315854567.81250000
93.21452027		298064342554362.50000000
93.28915159		47857477236136.67968750
93.36378291		111615546899783.53125000
93.43841423		421709780165748.68750000
93.51304556		876799911870543.50000000
93.58767688		2001013883601975.25000000
93.66230820		151276896374169.62500000
93.73693952		1034223152729781.25000000
93.81157084		489625940744621.06250000
93.88620216		811795613046314.87500000
93.96083348		633823298666105.62500000
94.03546480		1638447770020875.25000000
94.11009613		683681440755405.37500000
94.18472745		69998836005223.99218750
94.25935877		1366521842813784.25000000
94.33399009		200495214829269.56250000
94.40862141		290555715565915.06250000
94.48325273		42135471540566.07812500
94.55788405		436971253804493.87500000
94.63251537		399633521039546.56250000
94.70714670		325290832247116.43750000
94.78177802		513259863254362.62500000
94.85640934		28516911013525.53906250
94.93104066		270260178497823.31250000
95.00567198		42096759376378.60156250
95.08030330		615543929314591.62500000
95.15493462		429174034383665.06250000
95.22956594		296906446099415.68750000
95.30419727		240659002061132.68750000
95.37882859		138740477212454.28125000
95.45345991		36990056935675.50000000
95.52809123		315184163584508.62500000
95.60272255		334503580665047.37500000
95.67735387		192507475898103.18750000
95.75198519		139845619014640.00000000
95.82661651		133353989756868.29687500
95.90124784		778699333659160.25000000
95.97587916		789248049416809.50000000
96.05051048		422045248515020.56250000
96.12514180		652868705681765.25000000
96.19977312		65650496037190.21093750
96.27440444		18120975922002.29296875
96.34903576		454502844426351.87500000
96.42366708		958902124629404.50000000
96.49829841		677084152893403.00000000
96.57292973		320180554478149.56250000
96.64756105		520117653300471.12500000
96.72219237		309641535518599.43750000
96.79682369		45717704889462.65625000
96.87145501		220516986446761.65625000
96.94608633		502872661270033.87500000
97.02071766		237684825186124.12500000
97.09534898		330986380100997.50000000
97.16998030		10367231804579.60546875
97.24461162		17654996831886.27343750
97.31924294		904446536662967.50000000
97.39387426		292407891401279.56250000
97.46850558		642477188704217.37500000
97.54313690		585343911678637.25000000
97.61776823		263748786294583.78125000
97.69239955		29960487603929.58984375
97.76703087		16452861871880.30078125
97.84166219		39883987719425.53906250
97.91629351		259161089493631.50000000
97.99092483		15098598128080.05664062
98.06555615		89105016420616.26562500
98.14018747		229329113219444.68750000
98.21481880		720905407807744.62500000
98.28945012		397946554671005.87500000
98.36408144		28029626932722.52343750
98.43871276		332464506018742.81250000
98.51334408		129214285303392.14062500
98.58797540		345673534680954.37500000
98.66260672		130914322462030.62500000
98.73723804		248835050925161.00000000
98.81186937		308277285289784.00000000
98.88650069		37621346009641.93750000
98.96113201		305351940582208.00000000
99.03576333		337429254772267.43750000
99.11039465		38748606755958.65625000
99.18502597		251369817426011.25000000
99.25965729		1690708789129173.00000000
99.33428861		332529889963628.93750000
99.40891994		887541715671555.75000000
99.48355126		84723745968875.00000000
99.55818258		89564842115765.79687500
99.63281390		78635409713168.70312500
99.70744522		145150194865102.50000000
99.78207654		460130735054040.56250000
99.85670786		118199833395612.75000000
99.93133918		520730251796217.93750000
100.00597051		287363260095141.25000000
100.08060183		377684599261744.50000000
100.15523315		1032669820564836.75000000
100.22986447		162560859609159.59375000
100.30449579		43989571074316.61718750
100.37912711		143808607391816.81250000
100.45375843		545063115157882.06250000
100.52838975		417564668042977.81250000
100.60302108		118581600597044.92187500
100.67765240		343711909474143.00000000
100.75228372		754520510167757.25000000
100.82691504		48523545508001.44531250
100.90154636		55433163050623.84375000
100.97617768		52491154317804.35937500
101.05080900		166391001329993.78125000
101.12544033		560346173295979.25000000
101.20007165		497774737155725.75000000
101.27470297		829584227710984.25000000
101.34933429		359417488713720.68750000
101.42396561		85658669243362.65625000
101.49859693		151714246150568.53125000
101.57322825		707423426503719.00000000
101.64785957		419274718757651.37500000
101.72249090		27947345295682.44140625
101.79712222		109792057592699.50000000
101.87175354		946812508270070.87500000
101.94638486		221747063375760.75000000
102.02101618		472061449367000.00000000
102.09564750		462602795724050.87500000
102.17027882		121523269645237.46875000
102.24491014		271405798555026.18750000
102.31954147		400239689728488.81250000
102.39417279		187075158402855.15625000
102.46880411		64878668784912.62500000
102.54343543		267131009742929.03125000
102.61806675		62212628705012.14843750
102.69269807		812125098400358.75000000
102.76732939		528924926435201.18750000
102.84196071		111053744039992.14062500
102.91659204		311311843221531.68750000
102.99122336		60530423661614.09375000
103.06585468		27170846360170.69921875
103.14048600		569626013115835.75000000
103.21511732		93637500449891.37500000
103.28974864		211765926853400.71875000
103.36437996		505688648781108.62500000
103.43901128		177608288052532.09375000
103.51364261		542340101464864.93750000
103.58827393		88422817033279.10937500
103.66290525		58146381845047.56250000
103.73753657		916260495710466.62500000
103.81216789		551707761329597.93750000
103.88679921		551853888331863.62500000
103.96143053		513688046559664.06250000
104.03606185		25165342603623.98046875
104.11069318		245212883565856.71875000
104.18532450		926180972982065.37500000
104.25995582		442230509501030.31250000
104.33458714		778930073968543.25000000
104.40921846		374180952332874.56250000
104.48384978		390297615385816.62500000
104.55848110		1282520025251892.75000000
104.63311243		58714665408837.62500000
104.70774375		408680849560482.68750000
104.78237507		161011168932779.56250000
104.85700639		222304303291385.90625000
104.93163771		180699530955227.46875000
105.00626903		637238692317269.50000000
105.08090035		76616828769304.00000000
105.15553167		2170327697444064.00000000
105.23016300		38877341582479.16406250
105.30479432		485375411414725.75000000
105.37942564		82696660469442.43750000
105.45405696		220558356008455.50000000
105.52868828		590621499165984.00000000
105.60331960		55075893103537.60937500
105.67795092		494525832189559.25000000
105.75258224		604028119368075.25000000
105.82721357		243455443691466.84375000
105.90184489		530335135726705.06250000
105.97647621		155847110527239.15625000
106.05110753		262567624380555.37500000
106.12573885		704522604071138.25000000
106.20037017		114057200842369.28125000
106.27500149		96554543254177.46875000
106.34963281		185459991450649.18750000
106.42426414		240770461629669.43750000
106.49889546		732340099947995.87500000
106.57352678		744222854538906.87500000
106.64815810		29917828631188.60937500
106.72278942		33315851089453.40625000
106.79742074		127392876038391.92187500
106.87205206		122333503852185.17187500
106.94668338		677795666227671.37500000
107.02131471		1960366168722.45288086
107.09594603		191379469040967.81250000
107.17057735		270544885002595.34375000
107.24520867		180849363317158.90625000
107.31983999		687381572409379.25000000
107.39447131		111047659511393.14062500
107.46910263		353856039511839.56250000
107.54373395		222211078862430.81250000
107.61836528		227063344727316.90625000
107.69299660		169726002393681.18750000
107.76762792		84101386455098.25000000
107.84225924		282277314209825.87500000
107.91689056		102300786716461.40625000
107.99152188		2239128245812.48242188
108.06615320		622889682047080.75000000
108.14078452		300036410972960.93750000
108.21541585		274443160907834.62500000
108.29004717		274576466389607.59375000
108.36467849		126043338609653.50000000
108.43930981		191504234783277.40625000
108.51394113		29046760315157.23828125
108.58857245		286961175009767.93750000
108.66320377		97916572869806.23437500
108.73783510		151234427709926.59375000
108.81246642		246613830810638.90625000
108.88709774		225573459942120.65625000
108.96172906		778976680822773.50000000
109.03636038		1273623043130258.00000000
109.11099170		479696765691627.56250000
109.18562302		337751408888419.31250000
109.26025434		17137849928780.62500000
109.33488567		113679717326454.46875000
109.40951699		35830633254343.72656250
109.48414831		123414379535447.98437500
109.55877963		261770063913400.56250000
109.63341095		603849900963275.75000000
109.70804227		97026005397980.14062500
109.78267359		215565739257566.68750000
109.85730491		93576538253428.20312500
109.93193624		368786297489683.06250000
110.00656756		337172167691817.18750000
110.08119888		66864075277209.71875000
110.15583020		63503427675077.21875000
110.23046152		559863405183292.37500000
110.30509284		311103466522259.31250000
110.37972416		117555158951934.84375000
110.45435548		127181108088277.62500000
110.52898681		28473354381681.92578125
110.60361813		197016752757181.34375000
110.67824945		47830786326277.33593750
110.75288077		440298340943449.43750000
110.82751209		328864976513137.56250000
110.90214341		499155265773278.87500000
110.97677473		95186450155129.26562500
111.05140605		538890978666417.50000000
111.12603738		166421609699837.43750000
111.20066870		345752297585634.43750000
111.27530002		188343085000738.31250000
111.34993134		243436411826608.25000000
111.42456266		672738403036390.37500000
111.49919398		868961302056622.75000000
111.57382530		692777150879805.62500000
111.64845662		835091646617748.25000000
111.72308795		22061755958657.07421875
111.79771927		242045270737120.56250000
111.87235059		129629167782194.42187500
111.94698191		135038923733525.68750000
112.02161323		1585261614576.26831055
112.09624455		309772067060451.50000000
112.17087587		204200180848483.78125000
112.24550719		266286645532333.68750000
112.32013852		347076921338708.75000000
112.39476984		772140763620976.50000000
112.46940116		211290355623860.28125000
112.54403248		1752896740914294.75000000
112.61866380		101825819785577.60937500
112.69329512		562799469650298.37500000
112.76792644		735741769432575.62500000
112.84255777		531284662642400.68750000
112.91718909		395800637319932.93750000
112.99182041		439656614272876.37500000
113.06645173		756828970707336.37500000
113.14108305		176136376107941.46875000
113.21571437		299878685317551.68750000
113.29034569		113200278613031.20312500
113.36497701		321974625118067.12500000
113.43960834		1055264935923266.37500000
113.51423966		437664706184803.00000000
113.58887098		466428482884032.37500000
113.66350230		625928181090384.87500000
113.73813362		262825884650910.06250000
113.81276494		505550156284921.37500000
113.88739626		419837776946048.68750000
113.96202758		410910985238927.81250000
114.03665891		75321568609932.25000000
114.11129023		329399567721902.68750000
114.18592155		248381354442799.87500000
114.26055287		27380459380485.69531250
114.33518419		450655660697775.56250000
114.40981551		253506519468838.34375000
114.48444683		389335991877580.00000000
114.55907815		1020769367718776.87500000
114.63370948		36149847583621.00000000
114.70834080		695001502663977.12500000
114.78297212		326369788461343.93750000
114.85760344		248131431305713.84375000
114.93223476		296649205667543.43750000
115.00686608		393934919823714.18750000
115.08149740		207720213285861.96875000
115.15612872		143718520737815.81250000
115.23076005		480931044350973.62500000
115.30539137		197691452732662.37500000
115.38002269		20268662056200.53515625
115.45465401		63579511657452.85937500
115.52928533		236418860369764.00000000
115.60391665		10300187674325.04882812
115.67854797		1444961981208921.00000000
115.75317929		340877945946951.93750000
115.82781062		84408904287086.64062500
115.90244194		281105806936191.59375000
115.97707326		442556890226298.56250000
116.05170458		581795035366224.62500000
116.12633590		1030347188032292.87500000
116.20096722		249509791111534.15625000
116.27559854		50676379770617.86718750
116.35022986		91438593807758.25000000
116.42486119		128442044797771.96875000
116.49949251		577783992831679.62500000
116.57412383		104629964823118.43750000
116.64875515		293528944510462.81250000
116.72338647		15454498125295.59960938
116.79801779		243871546605656.37500000
116.87264911		418369191261712.50000000
116.94728044		25163243744337.32812500
117.02191176		3254276114425.87939453
117.09654308		504446680473985.43750000
117.17117440		485663777034164.68750000
117.24580572		85712598230528.23437500
117.32043704		1117483817425105.12500000
117.39506836		66003771555699.86718750
117.46969968		317464654192629.12500000
117.54433101		170302660572819.25000000
117.61896233		171615707389967.62500000
117.69359365		134318492890617.98437500
117.76822497		227859312995855.37500000
117.84285629		282769810034896.93750000
117.91748761		328245654713436.18750000
117.99211893		440475192917305.31250000
118.06675025		1343881636473208.00000000
118.14138158		56054298362043.84375000
118.21601290		391308198526287.87500000
118.29064422		953215293606261.75000000
118.36527554		256425535554722.71875000
118.43990686		189588771678073.71875000
118.51453818		873289723230503.00000000
118.58916950		19764127434349.53125000
118.66380082		1642231134560307.50000000
118.73843215		130967825933825.98437500
118.81306347		21182679992125.61328125
118.88769479		223160131553924.75000000
118.96232611		404462676862906.12500000
119.03695743		507033808864867.81250000
119.11158875		264589695983679.21875000
119.18622007		586897601430280.25000000
119.26085139		3515679345257.91406250
119.33548272		100367650270145.48437500
119.41011404		102199399688856.75000000
119.48474536		469367365143459.56250000
119.55937668		125963868616679.21875000
119.63400800		298404227230772.50000000
119.70863932		417613872456120.50000000
119.78327064		199374833059815.09375000
119.85790196		964923432614103.00000000
119.93253329		87699965286269.46875000
120.00716461		384777465421295.43750000
120.08179593		435078616562599.43750000
120.15642725		99547802235769.34375000
120.23105857		509851144678210.87500000
120.30568989		76382193340099.04687500
120.38032121		8474950945324.03027344
120.45495253		121213648488690.78125000
120.52958386		99871657558709.70312500
120.60421518		114534081338400.29687500
120.67884650		543933218395062.62500000
120.75347782		269171074052388.59375000
120.82810914		618346945415585.37500000
120.90274046		520601001401911.06250000
120.97737178		3756117337641.19970703
121.05200311		411749439768642.06250000
121.12663443		151749886529229.65625000
121.20126575		517061150434629.50000000
121.27589707		42265572330643.23437500
121.35052839		493990529096022.18750000
121.42515971		1208519287113819.50000000
121.49979103		185813385946428.00000000
121.57442235		618915189285171.50000000
121.64905368		1091691587625942.00000000
121.72368500		276035812648820.71875000
121.79831632		66145633332062.74218750
121.87294764		121532030356597.84375000
121.94757896		97119109649829.32812500
122.02221028		246875838078272.43750000
122.09684160		36455340617758.70312500
122.17147292		13710707295213.37890625
122.24610425		1048050690051175.12500000
122.32073557		1157197059580930.25000000
122.39536689		20751415570898.29687500
122.46999821		291444549263018.43750000
122.54462953		238451258796571.00000000
122.61926085		40720336758973.05468750
122.69389217		208144088738964.28125000
122.76852349		760737351775674.00000000
122.84315482		324938250555552.93750000
122.91778614		125803153786521.18750000
122.99241746		757366946012040.37500000
123.06704878		12511763724039.37695312
123.14168010		444492772517118.93750000
123.21631142		67554051873790.36718750
123.29094274		41020212732838.57812500
123.36557406		115905880615279.01562500
123.44020539		494594630519578.06250000
123.51483671		273866732320835.84375000
123.58946803		71303178766525.84375000
123.66409935		428939173490736.75000000
123.73873067		255493789505964.75000000
123.81336199		118123709569208.93750000
123.88799331		269746802114962.40625000
123.96262463		600122494479823.37500000
124.03725596		1019148002786870.87500000
124.11188728		737730093649995.87500000
124.18651860		529297353641810.87500000
124.26114992		230352616723892.84375000
124.33578124		27654075959419.15625000
124.41041256		881929639679585.75000000
124.48504388		374719513376122.25000000
124.55967520		541615589769651.06250000
124.63430653		398661616256419.12500000
124.70893785		1541484463043763.50000000
124.78356917		654820943208824.37500000
124.85820049		32241520038457.38281250
124.93283181		570795618044442.25000000
125.00746313		828460937441779.12500000
125.08209445		241340225927444.75000000
125.15672578		431769977040284.56250000
125.23135710		25963899771946.21875000
125.30598842		751150671428764.62500000
125.38061974		351334081596135.06250000
125.45525106		338681983739608.68750000
125.52988238		197073592766056.15625000
125.60451370		218904223754249.37500000
125.67914502		213175433587663.06250000
125.75377635		632537719367700.37500000
125.82840767		32892503157520.31250000
125.90303899		254032459396535.46875000
125.97767031		331512448969654.18750000
126.05230163		541806960596654.37500000
126.12693295		714114807303962.87500000
126.20156427		279802119576529.12500000
126.27619559		257827315854434.56250000
126.35082692		223155702774547.40625000
126.42545824		111914474877729.53125000
126.50008956		6557064770983.94140625
126.57472088		59207001661706.49218750
126.64935220		394367408706432.12500000
126.72398352		221324342300308.68750000
126.79861484		286869087507903.12500000
126.87324616		99006371963488.87500000
126.94787749		555707006434709.06250000
127.02250881		159962044875566.78125000
127.09714013		115072599244984.00000000
127.17177145		619545708090752.12500000
127.24640277		79270068350507.00000000
127.32103409		1006285192688187.62500000
127.39566541		271241459822291.62500000
127.47029673		385295623033432.50000000
127.54492806		49518416178010.29687500
127.61955938		12328123169131.23046875
127.69419070		654488221574853.62500000
127.76882202		303004224106530.31250000
127.84345334		747874106317727.25000000
127.91808466		438831406495563.00000000
127.99271598		625323692293793.37500000
128.06734730		63749357594625.83593750
128.14197863		206164951336105.68750000
128.21660995		36533251455274.81250000
128.29124127		5769461198575.94335938
128.36587259		939846895449504.62500000
128.44050391		338213790624607.06250000
128.51513523		111563128224375.56250000
128.58976655		69575835885065.78906250
128.66439787		9672978040142.70312500
128.73902920		239423775432957.03125000
128.81366052		264707108114552.37500000
128.88829184		585741332385.92492676
128.96292316		778225557338236.62500000
129.03755448		1031398940378591.87500000
129.11218580		468860374054649.12500000
129.18681712		367476338194032.93750000
129.26144845		799446759215919.62500000
129.33607977		331062106951481.93750000
129.41071109		490684133813232.00000000
129.48534241		185515781551942.90625000
129.55997373		305717408379003.75000000
129.63460505		99346928519716.40625000
129.70923637		748896951428448.75000000
129.78386769		283576658334193.56250000
129.85849902		168795453395637.81250000
129.93313034		90774643405686.70312500
130.00776166		300571568672629.25000000
130.08239298		295409359482484.25000000
130.15702430		59297855248093.30468750
130.23165562		1934457836790178.25000000
130.30628694		10844199931553.28320312
130.38091826		12363403228813.79687500
130.45554959		164535954020759.71875000
130.53018091		313734470622558.56250000
130.60481223		1135303855770122.25000000
130.67944355		802035784860066.75000000
130.75407487		810283228606447.25000000
130.82870619		109646922275512.42187500
130.90333751		335251799128006.81250000
130.97796883		680622902298153.12500000
131.05260016		57776037947077.60156250
131.12723148		251574791852962.28125000
131.20186280		343044079921650.00000000
131.27649412		436384332534095.68750000
131.35112544		348989723788514.62500000
131.42575676		4223326607390.22509766
131.50038808		183823582637840.90625000
131.57501940		229628759537581.46875000
131.64965073		214083467732759.03125000
131.72428205		228913257459367.46875000
131.79891337		31848895056620.23437500
131.87354469		134579985179353.57812500
131.94817601		89146327651873.59375000
132.02280733		85105952558081.57812500
132.09743865		330834577565025.12500000
132.17206997		412608547370147.12500000
132.24670130		246752461520503.25000000
132.32133262		143716697262672.50000000
132.39596394		1073096371686888.12500000
132.47059526		375786746773444.12500000
132.54522658		109891611578431.71875000
132.61985790		3917862498923.05615234
132.69448922		149702863266659.75000000
132.76912054		34579587399532.73437500
132.84375187		56244226965021.14843750
132.91838319		320260608655114.12500000
132.99301451		117898288419909.37500000
133.06764583		728044858908409.50000000
133.14227715		88005500256567.73437500
133.21690847		669597175548551.00000000
133.29153979		34229263745919.22265625
133.36617112		316364529008798.37500000
133.44080244		135504473380125.32812500
133.51543376		162232767120350.53125000
133.59006508		223081259989580.31250000
133.66469640		83040492257305.57812500
133.73932772		19926645564047.89062500
133.81395904		444854786529371.56250000
133.88859036		524591010660089.93750000
133.96322169		16604136023790.28320312
134.03785301		118517806280389.89062500
134.11248433		249482952400135.87500000
134.18711565		128659367390514.56250000
134.26174697		10262772954192.50585938
134.33637829		217167256225578.06250000
134.41100961		300261131370246.75000000
134.48564093		181499689924308.93750000
134.56027226		177889809080805.59375000
134.63490358		84520096055737.56250000
134.70953490		459437235886.98400879
134.78416622		702672677002223.00000000
134.85879754		40067236012191.31250000
134.93342886		308560017255209.43750000
135.00806018		5318466176941.87304688
135.08269150		308877665645778.00000000
135.15732283		55721903194194.42187500
135.23195415		295812655098329.56250000
135.30658547		253296909018636.37500000
135.38121679		69653401803218.90625000
135.45584811		21625915953374.79296875
135.53047943		160366358684598.06250000
135.60511075		1170214532043802.25000000
135.67974207		736708939987671.25000000
135.75437340		195057996505844.15625000
135.82900472		594484262609851.00000000
135.90363604		789205693256963.75000000
135.97826736		144644495836382.31250000
136.05289868		29723254636935.52343750
136.12753000		88738370389968.23437500
136.20216132		1062349962366317.75000000
136.27679264		1700643959025619.50000000
136.35142397		647154245537294.00000000
136.42605529		216963094335446.46875000
136.50068661		405814712957312.81250000
136.57531793		40051353174378.59375000
136.64994925		494656514989590.93750000
136.72458057		114871397440426.82812500
136.79921189		745839979500078.87500000
136.87384322		80311295688575.85937500
136.94847454		125789107756514.43750000
137.02310586		1298772043807053.75000000
137.09773718		35361564797346.25000000
137.17236850		258311447641004.43750000
137.24699982		856352001074273.87500000
137.32163114		104558399658309.70312500
137.39626246		630953307639992.50000000
137.47089379		37469047852200.19531250
137.54552511		400735253786936.43750000
137.62015643		310580058220457.75000000
137.69478775		503319259020974.56250000
137.76941907		481212994980601.62500000
137.84405039		16664920329953.42187500
137.91868171		138416169574089.65625000
137.99331303		563602836744558.37500000
138.06794436		157804528702405.62500000
138.14257568		14497192435631.14257812
138.21720700		235988875224467.03125000
138.29183832		1896611984046823.75000000
138.36646964		466245464184316.87500000
138.44110096		326623903632930.31250000
138.51573228		248586715338430.43750000
138.59036360		165309989304051.09375000
138.66499493		142798027641589.96875000
138.73962625		547493793644159.56250000
138.81425757		125654437418396.03125000
138.88888889		709566789564548.50000000
138.96352021		91766411186624.81250000
139.03815153		172500476834430.87500000
139.11278285		23108515676648.07812500
139.18741417		562584936058835.93750000
139.26204550		417156541347549.56250000
139.33667682		46589873970106.41406250
139.41130814		125934181449029.12500000
139.48593946		790992995451745.87500000
139.56057078		68548787930131.65625000
139.63520210		117436047730613.14062500
139.70983342		1355378211217813.50000000
139.78446474		592344176740583.12500000
139.85909607		143857691053838.90625000
139.93372739		61198776374367.75781250
140.00835871		277580562255820.09375000
140.08299003		21461653913479.73046875
140.15762135		40523983856442.42187500
140.23225267		39346627546178.08593750
140.30688399		236183273411568.96875000
140.38151531		75262249726728.85937500
140.45614664		394434197067581.56250000
140.53077796		492618473765722.31250000
140.60540928		347949817558957.87500000
140.68004060		133830883430653.68750000
140.75467192		276513500850551.53125000
140.82930324		72052672034903.79687500
140.90393456		831555393901735.62500000
140.97856589		714068778132658.62500000
141.05319721		274244976141399.93750000
141.12782853		110102103038650.96875000
141.20245985		168484888992969.15625000
141.27709117		121243328656225.78125000
141.35172249		268729732640971.93750000
141.42635381		146953699718401.00000000
141.50098513		93205042031747.03125000
141.57561646		297180490025877.68750000
141.65024778		80297131415935.01562500
141.72487910		1393221556925793.75000000
141.79951042		905309316121492.87500000
141.87414174		63658047121786.39843750
141.94877306		127739271053616.90625000
142.02340438		40873552678099.93750000
142.09803570		359685178321101.43750000
142.17266703		1426187692851155.25000000
142.24729835		221605013217649.40625000
142.32192967		935143152413837.12500000
142.39656099		124379873628294.92187500
142.47119231		350495507093723.56250000
142.54582363		1086791170247013.37500000
142.62045495		482934931992140.12500000
142.69508627		20783023944994.33984375
142.76971760		208645153590009.46875000
142.84434892		255907615472012.00000000
142.91898024		1437467872344351.50000000
142.99361156		545250209352063.93750000
143.06824288		207943228145539.37500000
143.14287420		45351622249786.25781250
143.21750552		1934372105561012.25000000
143.29213684		77963270822701.78125000
143.36676817		202250872702146.75000000
143.44139949		201796459726141.56250000
143.51603081		119942689421574.00000000
143.59066213		253755892100506.15625000
143.66529345		37955056047595.06250000
143.73992477		880023907515061.37500000
143.81455609		149782185275570.18750000
143.88918741		460415742605399.12500000
143.96381874		198498462495705.78125000
144.03845006		1804011541297170.00000000
144.11308138		959311559893173.87500000
144.18771270		223699805218107.93750000
144.26234402		336315466721603.75000000
144.33697534		105549023657211.51562500
144.41160666		73876378403471.18750000
144.48623798		1730113723830331.25000000
144.56086931		4252460326284.02490234
144.63550063		135539007066060.34375000
144.71013195		469570387391066.25000000
144.78476327		74774434544539.84375000
144.85939459		146436385128410.00000000
144.93402591		379805298617751.56250000
145.00865723		627189337658189.50000000
145.08328856		408120304335890.56250000
145.15791988		365014036091475.37500000
145.23255120		594049783097157.87500000
145.30718252		54970713404909.14843750
145.38181384		86184627129554.60937500
145.45644516		160228210212730.43750000
145.53107648		79003157913876.25000000
145.60570780		531975283954890.62500000
145.68033913		73702503669438.40625000
145.75497045		132698881899178.57812500
145.82960177		237440423771208.87500000
145.90423309		47604795071255.17187500
145.97886441		278364724518137.84375000
146.05349573		362063530647482.37500000
146.12812705		18347815779302.42968750
146.20275837		35987271930200.75781250
146.27738970		41853093917952.32812500
146.35202102		57030240694652.64062500
146.42665234		1010008749223067.00000000
146.50128366		153675640885609.28125000
146.57591498		159752189838694.18750000
146.65054630		629839083849586.25000000
146.72517762		126653039271480.53125000
146.79980894		135326296838678.21875000
146.87444027		363950092133898.75000000
146.94907159		199931074181781.34375000
147.02370291		202605570202507.34375000
147.09833423		899822632127743.75000000
147.17296555		836132099799047.50000000
147.24759687		97013760828530.46875000
147.32222819		1664803449365412.25000000
147.39685951		520240238876688.25000000
147.47149084		389727931055546.68750000
147.54612216		201600072739075.75000000
147.62075348		1245006400973869.75000000
147.69538480		512468025587020.43750000
147.77001612		128583498492006.84375000
147.84464744		329297277705599.56250000
147.91927876		215137738460058.53125000
147.99391008		629115828925437.75000000
148.06854141		481593257382603.06250000
148.14317273		342786049494923.75000000
148.21780405		223998214893454.56250000
148.29243537		560475758771919.93750000
148.36706669		63381109333627.99218750
148.44169801		325952974799437.25000000
148.51632933		60080082047616.01562500
148.59096065		167881621445459.71875000
148.66559198		493618122204053.12500000
148.74022330		241282786832052.81250000
148.81485462		851534617985690.75000000
148.88948594		90806410707224.71875000
148.96411726		163429512708630.31250000
149.03874858		338406848019208.00000000
149.11337990		9516874188065.64257812
149.18801123		460522606413914.62500000
149.26264255		66417342989593.95312500
149.33727387		369013343068204.00000000
149.41190519		346981891015751.75000000
149.48653651		146663181320386.84375000
149.56116783		518674816056635.50000000
149.63579915		402384345131153.56250000
149.71043047		118525621941555.64062500
149.78506180		59988792012176.06250000
149.85969312		241136722325633.12500000
149.93432444		421072810897044.75000000
150.00895576		7870874228142.63476562
150.08358708		88638600361406.00000000
150.15821840		154451802999517.78125000
150.23284972		273631542033081.25000000
150.30748104		208061723018277.03125000
150.38211237		37540571489343.42187500
150.45674369		302741485857211.37500000
150.53137501		17278877340173.41601562
150.60600633		663637244399943.62500000
150.68063765		40331798020311.10937500
150.75526897		482499823852740.87500000
150.82990029		167843907302502.84375000
150.90453161		608178221143997.12500000
150.97916294		248867460086130.46875000
151.05379426		151994478444316.00000000
151.12842558		216055599564985.40625000
151.20305690		188736309748594.53125000
151.27768822		1662743242376185.75000000
151.35231954		121743433668131.51562500
151.42695086		215618257188870.31250000
151.50158218		9927927832990.57031250
151.57621351		815220449399696.87500000
151.65084483		320181900588622.56250000
151.72547615		75559485911305.01562500
151.80010747		104612352731852.73437500
151.87473879		22600695468999.93359375
151.94937011		496306339375899.93750000
152.02400143		18260649981497.40625000
152.09863275		1240947023674958.00000000
152.17326408		43314590093779.86718750
152.24789540		76620292798239.46875000
152.32252672		277201193235457.56250000
152.39715804		674814888679445.00000000
152.47178936		104688902531395.01562500
152.54642068		207754827392952.46875000
152.62105200		371643153244162.18750000
152.69568332		198370453011316.46875000
152.77031465		1439278323569145.00000000
152.84494597		564520472853749.37500000
152.91957729		41896304847204.75781250
152.99420861		79885756400559.28125000
153.06883993		550059419988051.56250000
153.14347125		407191483952835.93750000
153.21810257		385342290805026.68750000
153.29273390		321289881922907.68750000
153.36736522		491125758477619.50000000
153.44199654		126735458366190.21875000
153.51662786		466735361562825.87500000
153.59125918		323100538913030.62500000
153.66589050		633150899379305.00000000
153.74052182		222580629723060.03125000
153.81515314		252042051887161.93750000
153.88978447		472759585279407.87500000
153.96441579		64306862432554.00781250
154.03904711		202294290977921.75000000
154.11367843		915501460687783.00000000
154.18830975		41969630237112.25000000
154.26294107		24607587786961.88281250
154.33757239		52617623808872.65625000
154.41220371		453427125908462.25000000
154.48683504		124712646160309.60937500
154.56146636		551407670503172.12500000
154.63609768		132556489655748.68750000
154.71072900		291898255336317.87500000
154.78536032		1480189463863295.25000000
154.85999164		1272929170159531.50000000
154.93462296		28220436842512.72656250
155.00925428		18364995670579.71484375
155.08388561		190484708835608.21875000
155.15851693		10147748810934.38085938
155.23314825		275166035584266.84375000
155.30777957		4064746504822.11865234
155.38241089		239852632777634.09375000
155.45704221		943669333480970.75000000
155.53167353		49605495429212.10156250
155.60630485		227941308770773.90625000
155.68093618		3385330583949.05126953
155.75556750		556776163544331.75000000
155.83019882		136341627153973.20312500
155.90483014		493169509365436.87500000
155.97946146		181381265583652.53125000
156.05409278		39858430099685.87500000
156.12872410		2516196379717751.50000000
156.20335542		222275989171143.90625000
156.27798675		181836499047969.18750000
156.35261807		603941659409433.87500000
156.42724939		1365512209140915.75000000
156.50188071		782608551294779.25000000
156.57651203		728538510821071.75000000
156.65114335		14826335461259.23437500
156.72577467		49529342180141.82812500
156.80040599		494083303164145.81250000
156.87503732		188674785441785.50000000
156.94966864		211793023102192.09375000
157.02429996		26118387738069.78906250
157.09893128		899814002838997.87500000
157.17356260		992525456536454.00000000
157.24819392		17955141685350.75781250
157.32282524		140828810236504.03125000
157.39745657		196147762474035.28125000
157.47208789		158257247160823.06250000
157.54671921		354498404822372.93750000
157.62135053		40685079794373.22656250
157.69598185		4541719322438.74121094
157.77061317		556498136544079.87500000
157.84524449		782363493941954.50000000
157.91987581		323420281506631.87500000
157.99450714		861008181069081.37500000
158.06913846		68794402422099.07812500
158.14376978		319419444894766.50000000
158.21840110		65525781130464.10156250
158.29303242		341450574451654.68750000
158.36766374		1303935668299380.50000000
158.44229506		537604874094646.25000000
158.51692638		431038288859381.81250000
158.59155771		623323424859025.87500000
158.66618903		1571229961408086.75000000
158.74082035		370410205781949.93750000
158.81545167		186079000152276.71875000
158.89008299		269154513808459.81250000
158.96471431		6111287110608.93847656
159.03934563		277396927789837.84375000
159.11397695		1767568143452610.00000000
159.18860828		120226449084036.39062500
159.26323960		4466238944262.48925781
159.33787092		190078373754357.00000000
159.41250224		356262764844225.31250000
159.48713356		950108382724696.00000000
159.56176488		95981764133371.75000000
159.63639620		465373601568183.06250000
159.71102752		122991186978499.06250000
159.78565885		638175837883530.37500000
159.86029017		626863561389892.37500000
159.93492149		282120785725077.31250000
160.00955281		878464391378107.12500000
160.08418413		534437626372052.18750000
160.15881545		282715118786232.37500000
160.23344677		1281162246365139.25000000
160.30807809		186338927466822.93750000
160.38270942		158413191769756.90625000
160.45734074		392154761194205.75000000
160.53197206		174321552799701.96875000
160.60660338		37728625959903.21875000
160.68123470		140068429924085.92187500
160.75586602		244596999127441.15625000
160.83049734		589105732816712.50000000
160.90512866		65313937161728.68750000
160.97975999		341570326517439.37500000
161.05439131		281803142385089.50000000
161.12902263		134087017417672.14062500
161.20365395		76453872669138.12500000
161.27828527		14321561190921.75976562
161.35291659		394807442172406.87500000
161.42754791		209777020946453.40625000
161.50217924		46870311799671.15625000
161.57681056		404391848492622.56250000
161.65144188		137772426632473.40625000
161.72607320		606882683958722.62500000
161.80070452		398431245050971.68750000
161.87533584		83424092088617.26562500
161.94996716		50452062204105.91406250
162.02459848		384877564898294.50000000
162.09922981		187725811185144.28125000
162.17386113		91398720175466.71875000
162.24849245		315441227485938.18750000
162.32312377		67022525934617.73437500
162.39775509		464851104079488.31250000
162.47238641		69150542719954.78125000
162.54701773		116047298895668.67187500
162.62164905		10101042511704.62304688
162.69628038		357280278661874.37500000
162.77091170		28883695499058.63671875
162.84554302		24612689143846.65625000
162.92017434		672941585089919.87500000
162.99480566		386847785206542.25000000
163.06943698		701624289269675.00000000
163.14406830		14314990090818.31640625
163.21869962		368741510782597.31250000
163.29333095		915409596933933.25000000
163.36796227		363303103826990.68750000
163.44259359		5554551006330.94531250
163.51722491		57346357037917.51562500
163.59185623		1187218695238369.25000000
163.66648755		966963850447227.12500000
163.74111887		99700158079405.98437500
163.81575019		11164726742686.12890625
163.89038152		109702392872449.20312500
163.96501284		201867150549407.31250000
164.03964416		359701083926188.93750000
164.11427548		244486290742032.50000000
164.18890680		78624737426179.79687500
164.26353812		444877574402105.00000000
164.33816944		457053252291765.50000000
164.41280076		431743840243507.06250000
164.48743209		3418560126272.57812500
164.56206341		424336405884383.00000000
164.63669473		400516275681287.87500000
164.71132605		25491539329733.59765625
164.78595737		208851988275589.53125000
164.86058869		608395888335757.37500000
164.93522001		325171008328559.00000000
165.00985134		593966899718549.25000000
165.08448266		57415853744218.39843750
165.15911398		580491975973958.00000000
165.23374530		34918695019707.47656250
165.30837662		129797342099548.10937500
165.38300794		303299768296151.31250000
165.45763926		1297660444564585.00000000
165.53227058		473486087333447.50000000
165.60690191		20313753656974.02734375
165.68153323		255943853742561.59375000
165.75616455		343929885368490.68750000
165.83079587		1817218488714274.00000000
165.90542719		184125606603654.15625000
165.98005851		185906418251034.56250000
166.05468983		55092327652766.84375000
166.12932115		1329171380735787.25000000
166.20395248		72697238347040.73437500
166.27858380		133658298314182.78125000
166.35321512		973352311443694.00000000
166.42784644		116781597081998.62500000
166.50247776		440489416384157.62500000
166.57710908		521120911632171.06250000
166.65174040		35431387390935.64062500
166.72637172		83993952195443.98437500
166.80100305		88840379014211.90625000
166.87563437		62101747553915.63281250
166.95026569		142549353330308.84375000
167.02489701		149504321255869.65625000
167.09952833		326543786968183.06250000
167.17415965		896437238070428.75000000
167.24879097		128695062201885.23437500
167.32342229		157179645235776.12500000
167.39805362		232253561373935.62500000
167.47268494		209154424614608.18750000
167.54731626		645374124881500.12500000
167.62194758		362811194256886.25000000
167.69657890		604440768868339.12500000
167.77121022		99266848268274.84375000
167.84584154		155165701550584.84375000
167.92047286		902828498796943.12500000
167.99510419		96505986658996.84375000
168.06973551		286398846342569.87500000
168.14436683		59377320968131.42187500
168.21899815		81422797376641.81250000
168.29362947		230670336900175.84375000
168.36826079		173735766812322.53125000
168.44289211		364634029141968.50000000
168.51752343		124063240142198.51562500
168.59215476		449148979736213.43750000
168.66678608		53585945820900.92968750
168.74141740		432251736284079.25000000
168.81604872		345850406047785.18750000
168.89068004		107896024588602.92187500
168.96531136		25249560557585.88671875
169.03994268		128803558717761.68750000
169.11457401		224272105114723.28125000
169.18920533		65273858678566.53906250
169.26383665		884639172167997.12500000
169.33846797		67602218464829.83593750
169.41309929		245025206366682.21875000
169.48773061		242215623608483.06250000
169.56236193		61181747249809.75781250
169.63699325		67297675806325.73437500
169.71162458		399369462816978.68750000
169.78625590		827602240089082.87500000
169.86088722		1078360838907859.62500000
169.93551854		120104759406637.43750000
170.01014986		18376980641932.44531250
170.08478118		111185364290076.01562500
170.15941250		417568487540337.56250000
170.23404382		648698963092647.00000000
170.30867515		41376038550045.87500000
170.38330647		14815902238519.40429688
170.45793779		319604764136593.68750000
170.53256911		469399226084374.31250000
170.60720043		145364052926786.62500000
170.68183175		8759665195794.74316406
170.75646307		344993391052347.00000000
170.83109439		146705690639531.84375000
170.90572572		827015034113355.87500000
170.98035704		176822249642701.06250000
171.05498836		759091491784696.12500000
171.12961968		92168795691707.89062500
171.20425100		161071217866940.03125000
171.27888232		213399488098141.78125000
171.35351364		149058951562327.65625000
171.42814496		19082748120939.80468750
171.50277629		400018857870771.12500000
171.57740761		128517920779254.71875000
171.65203893		307259423190016.06250000
171.72667025		604251460051371.75000000
171.80130157		1110867774094691.25000000
171.87593289		126777032515408.03125000
171.95056421		5874085219181.07714844
172.02519553		641941380036740.37500000
172.09982686		49590714549186.58593750
172.17445818		908207160593535.62500000
172.24908950		679297788163802.37500000
172.32372082		63301948927441.42968750
172.39835214		355841923037004.93750000
172.47298346		559656630397009.37500000
172.54761478		12232797296765.29492188
172.62224610		492333447734919.81250000
172.69687743		428782019699289.68750000
172.77150875		34009584362719.96484375
172.84614007		112036039338215.70312500
172.92077139		701052422319004.00000000
172.99540271		273395462388931.00000000
173.07003403		49442342323972.66406250
173.14466535		497196470546248.93750000
173.21929668		111735627359961.59375000
173.29392800		339748514181545.87500000
173.36855932		215857612347816.28125000
173.44319064		354352845452252.81250000
173.51782196		379170050261702.00000000
173.59245328		309383961794666.56250000
173.66708460		73160239170975.06250000
173.74171592		65029399239363.93750000
173.81634725		269828568371000.31250000
173.89097857		54903787973801.44531250
173.96560989		519446222843741.31250000
174.04024121		130126611904796.00000000
174.11487253		627816912181790.62500000
174.18950385		565262648391558.75000000
174.26413517		795809447854722.62500000
174.33876649		183003725960139.81250000
174.41339782		482385468420963.75000000
174.48802914		32191171724500.48437500
174.56266046		536839469357554.50000000
174.63729178		90680635198733.43750000
174.71192310		151363119446554.71875000
174.78655442		920788269300917.25000000
174.86118574		85278945020411.51562500
174.93581706		157790355496070.93750000
175.01044839		96001325870479.82812500
175.08507971		143382042308200.68750000
175.15971103		3507028338039.39306641
175.23434235		979599746338451.50000000
175.30897367		44784451615147.10937500
175.38360499		450841057307050.93750000
175.45823631		112946359301085.15625000
175.53286763		190839877222998.06250000
175.60749896		192671834685305.31250000
175.68213028		109286095854551.43750000
175.75676160		128153215747098.00000000
175.83139292		639859533003802.00000000
175.90602424		74800407693304.82812500
175.98065556		65586637142025.03125000
176.05528688		58494151192433.57031250
176.12991820		135825301740683.98437500
176.20454953		29677133300845.21484375
176.27918085		233314627464456.15625000
176.35381217		89303107583577.10937500
176.42844349		881953247608548.00000000
176.50307481		465810060896333.93750000
176.57770613		337673407834094.68750000
176.65233745		60940797410691.21875000
176.72696877		316344777500747.50000000
176.80160010		410284223881830.25000000
176.87623142		697858891585657.50000000
176.95086274		1589935121385.48437500
177.02549406		202839147054329.43750000
177.10012538		669608647403356.37500000
177.17475670		277804085536284.09375000
177.24938802		953334914922976.75000000
177.32401935		48183188954716.69531250
177.39865067		18725681177742.16796875
177.47328199		444825420149581.37500000
177.54791331		526130569476385.68750000
177.62254463		237253830183122.09375000
177.69717595		416728312787606.75000000
177.77180727		48966382802772.04687500
177.84643859		446787399941861.62500000
177.92106992		144072830422514.28125000
177.99570124		237274725358560.03125000
178.07033256		258440311797078.25000000
178.14496388		171702978106599.34375000
178.21959520		1338857148130936.00000000
178.29422652		418727312283457.56250000
178.36885784		141684491427400.62500000
178.44348916		95493472935062.81250000
178.51812049		288204434998479.25000000
178.59275181		200439388832039.31250000
178.66738313		155614298879813.93750000
178.74201445		50996965108994.62500000
178.81664577		149050625174613.03125000
178.89127709		1825957430956644.25000000
178.96590841		190240305937656.21875000
179.04053973		238628152788796.37500000
179.11517106		452547796048560.12500000
179.18980238		310444043235658.06250000
179.26443370		138868943628290.35937500
179.33906502		509747596282887.50000000
179.41369634		135342418230822.29687500
179.48832766		25011769965352.51953125
179.56295898		933733137182431.12500000
179.63759030		117596527527849.03125000
179.71222163		130991397943137.23437500
179.78685295		132226035459391.64062500
179.86148427		271558836164868.21875000
179.93611559		1064118942164964.12500000
180.01074691		131028680953982.93750000
180.08537823		88698476569129.23437500
180.16000955		52546933899636.48437500
180.23464087		7492064002976.07812500
180.30927220		104234031234461.34375000
180.38390352		572178297195114.75000000
180.45853484		41580703465873.76562500
180.53316616		245960552493271.03125000
180.60779748		646493234243696.12500000
180.68242880		397261040914874.37500000
180.75706012		360544307983856.50000000
180.83169144		643196513673346.37500000
180.90632277		77876286463734.75000000
180.98095409		190151882622748.90625000
181.05558541		356159498341166.50000000
181.13021673		51650104181158.12500000
181.20484805		25425032937519.26171875
181.27947937		436537924577184.06250000
181.35411069		567000507129179.87500000
181.42874202		872558601841445.25000000
181.50337334		367929611026742.06250000
181.57800466		49399671421127.10937500
181.65263598		99952439242885.01562500
181.72726730		139944810946927.92187500
181.80189862		52525295712814.84375000
181.87652994		66961646216492.13281250
181.95116126		390478352769383.06250000
182.02579259		304794225560285.75000000
182.10042391		344040800711417.37500000
182.17505523		356021812030746.87500000
182.24968655		907536736354705.75000000
182.32431787		52353328216893.02343750
182.39894919		620926492875430.25000000
182.47358051		152543175410866.71875000
182.54821183		300616324458200.31250000
182.62284316		650579783161047.12500000
182.69747448		20055834373456.63671875
182.77210580		939830533254550.50000000
182.84673712		905832586444729.00000000
182.92136844		538154072207708.87500000
182.99599976		291403186690456.93750000
183.07063108		476000000002541.75000000
183.14526240		43707150477324.77343750
183.21989373		83800230977869.87500000
183.29452505		7806981948854.12402344
183.36915637		101851347098099.59375000
183.44378769		305267774831419.81250000
183.51841901		27263994086322.55078125
183.59305033		561759309132624.68750000
183.66768165		445775760334860.81250000
183.74231297		1011932947299856.37500000
183.81694430		557953226924039.50000000
183.89157562		23610450069779.64453125
183.96620694		115128729531509.64062500
184.04083826		59164544656742.71093750
184.11546958		206426874041015.09375000
184.19010090		161861917000265.68750000
184.26473222		238480889672176.12500000
184.33936354		100409761595384.12500000
184.41399487		195008117318779.12500000
184.48862619		18543843866921.21093750
184.56325751		167723691452372.53125000
184.63788883		303330749149338.43750000
184.71252015		103589383232978.48437500
184.78715147		363316862094268.06250000
184.86178279		265075054578065.03125000
184.93641411		39378016423292.10156250
185.01104544		98212284899261.31250000
185.08567676		829251586677690.25000000
185.16030808		8979012061483.72070312
185.23493940		5996234124645.83984375
185.30957072		187496115956465.12500000
185.38420204		17586079499509.00585938
185.45883336		351267947400374.00000000
185.53346469		59058849990340.76562500
185.60809601		136253018886325.59375000
185.68272733		393646427443853.12500000
185.75735865		9363399851538.20703125
185.83198997		94206075315100.18750000
185.90662129		248503075030874.34375000
185.98125261		160048439271368.50000000
186.05588393		58479800566666.83593750
186.13051526		214763061490113.56250000
186.20514658		80156227097088.76562500
186.27977790		30019993758620.57421875
186.35440922		60781937950876.04687500
186.42904054		1097805265126648.12500000
186.50367186		194120739904686.37500000
186.57830318		940709452901842.00000000
186.65293450		134327780129230.79687500
186.72756583		883543154012441.12500000
186.80219715		146923497506439.65625000
186.87682847		705542986864504.75000000
186.95145979		185946497735960.68750000
187.02609111		197990735977422.84375000
187.10072243		470550175942930.12500000
187.17535375		100140357730880.03125000
187.24998507		97160831919175.59375000
187.32461640		345108139690919.93750000
187.39924772		607735524326800.62500000
187.47387904		80061210109872.51562500
187.54851036		201703943721659.43750000
187.62314168		131706399989005.37500000
187.69777300		334043537771717.93750000
187.77240432		1830537102587.08740234
187.84703564		243153363339078.46875000
187.92166697		395024545173724.62500000
187.99629829		397251665204788.81250000
188.07092961		203101954669951.50000000
188.14556093		285924933949653.50000000
188.22019225		52177483461262.17968750
188.29482357		20021675190233.24609375
188.36945489		232157134547096.43750000
188.44408621		21010354820805.90234375
188.51871754		554756762303667.43750000
188.59334886		350501596388343.18750000
188.66798018		718632268750849.50000000
188.74261150		159794780005348.50000000
188.81724282		1286711594093774.75000000
188.89187414		249391898625808.09375000
188.96650546		150039075924068.46875000
189.04113678		431863015568031.68750000
189.11576811		283581583042587.25000000
189.19039943		175548513268330.56250000
189.26503075		139938203351776.57812500
189.33966207		350067083004398.37500000
189.41429339		506031011019604.00000000
189.48892471		217449873137460.68750000
189.56355603		228513550755402.81250000
189.63818736		100351878826791.92187500
189.71281868		181564665031469.18750000
189.78745000		153096100895564.68750000
189.86208132		1378653177134280.75000000
189.93671264		332810543855962.25000000
190.01134396		107568227365831.90625000
190.08597528		141686047627247.56250000
190.16060660		75026712789057.25000000
190.23523793		120409380667968.25000000
190.30986925		839072242768425.75000000
190.38450057		492314149545739.12500000
190.45913189		157993272855438.87500000
190.53376321		341844990700008.18750000
190.60839453		209304711678980.90625000
190.68302585		126617428618669.14062500
190.75765717		1709412534724462.25000000
190.83228850		160426589984905.18750000
190.90691982		11810316201958.18554688
190.98155114		113941244721651.12500000
191.05618246		755516371502545.00000000
191.13081378		490812382974709.75000000
191.20544510		71752124099828.51562500
191.28007642		217761460003326.34375000
191.35470774		28969910893083.85546875
191.42933907		319114561944657.62500000
191.50397039		96045499199077.29687500
191.57860171		1105683393610753.37500000
191.65323303		331616731452187.06250000
191.72786435		572143229810968.37500000
191.80249567		677283770864276.62500000
191.87712699		681910849544383.12500000
191.95175831		82320811666173.70312500
192.02638964		184708610145453.96875000
192.10102096		452092428572215.18750000
192.17565228		424560726514140.37500000
192.25028360		143400962101795.96875000
192.32491492		262043792298488.59375000
192.39954624		35430453097206.97656250
192.47417756		581657510433954.25000000
192.54880888		1255306138924768.25000000
192.62344021		737625501028992.62500000
192.69807153		459863386531537.50000000
192.77270285		167046418226178.03125000
192.84733417		177545606627371.90625000
192.92196549		61245652201253.24218750
192.99659681		21790311423306.48828125
193.07122813		410133574163050.81250000
193.14585945		667700478850450.62500000
193.22049078		740455563388094.62500000
193.29512210		1298703683162810.75000000
193.36975342		76784413088456.51562500
193.44438474		51177196870492.38281250
193.51901606		417819809151419.68750000
193.59364738		206136760315119.62500000
193.66827870		57132080141507.92968750
193.74291003		198470155313632.15625000
193.81754135		1144769907293156.50000000
193.89217267		2504227243382.37500000
193.96680399		447937095425525.68750000
194.04143531		386533797268499.31250000
194.11606663		481582978097700.00000000
194.19069795		106558910577130.42187500
194.26532927		443912508727040.93750000
194.33996060		64635886562521.22656250
194.41459192		375680544777817.43750000
194.48922324		266704194892837.37500000
194.56385456		51371938298310.92187500
194.63848588		407700534059458.50000000
194.71311720		101810631365575.82812500
194.78774852		141726666082189.53125000
194.86237984		187997154319342.34375000
194.93701117		371860983002662.50000000
195.01164249		115434858982762.51562500
195.08627381		652981087381350.12500000
195.16090513		32806172506991.05078125
195.23553645		981418319451076.25000000
195.31016777		62670557322627.11718750
195.38479909		799902359779309.87500000
195.45943041		582591793136334.87500000
195.53406174		95524900482346.87500000
195.60869306		272123039116031.34375000
195.68332438		369793090486253.00000000
195.75795570		17278761915163.39453125
195.83258702		236455981775750.21875000
195.90721834		113797208161753.32812500
195.98184966		131802416231951.95312500
196.05648098		64006690681475.57031250
196.13111231		544329667760288.75000000
196.20574363		364972952918496.12500000
196.28037495		429644746275357.81250000
196.35500627		50504476588316.35156250
196.42963759		184759377616595.87500000
196.50426891		263978694691905.37500000
196.57890023		155170218821322.21875000
196.65353155		117127237104549.62500000
196.72816288		364812987982918.00000000
196.80279420		34586538466540.90234375
196.87742552		18407739165848.85156250
196.95205684		202374375991633.68750000
197.02668816		213007919022921.75000000
197.10131948		76758706403655.68750000
197.17595080		1432968374823794.25000000
197.25058213		727931684287701.12500000
197.32521345		1212412171720039.25000000
197.39984477		316095230572536.56250000
197.47447609		181771337452279.46875000
197.54910741		704972463022078.75000000
197.62373873		475909761970678.18750000
197.69837005		761902097619754.25000000
197.77300137		1022034660508731.50000000
197.84763270		433090784223246.81250000
197.92226402		345271715943744.00000000
197.99689534		348440231033887.62500000
198.07152666		300998315418488.06250000
198.14615798		147854285632296.65625000
198.22078930		732406836295050.12500000
198.29542062		124822114275347.06250000
198.37005194		243881951090559.81250000
198.44468327		1252472773927622.25000000
198.51931459		298011412461358.56250000
198.59394591		104250233914043.67187500
198.66857723		315674537513892.31250000
198.74320855		286145347214351.75000000
198.81783987		232733637402824.62500000
198.89247119		294670503582316.81250000
198.96710251		21304387800407.73437500
199.04173384		118029612310842.53125000
199.11636516		129181463450649.04687500
199.19099648		50786402884885.00781250
199.26562780		328644346885938.00000000
199.34025912		318866661825991.12500000
199.41489044		467072625003227.50000000
199.48952176		722462871963594.12500000
199.56415308		17379227244404.20117188
199.63878441		29853757928196.91796875
199.71341573		131112231598117.48437500
199.78804705		294997286001204.81250000
199.86267837		138059827661783.45312500
199.93730969		805164831580571.75000000
200.01194101		337012992520321.93750000
200.08657233		76778666710440.20312500
200.16120365		128480623484326.10937500
200.23583498		1941328478314686.50000000
200.31046630		670796654408640.75000000
200.38509762		181017789502681.00000000
200.45972894		309685113740601.75000000
200.53436026		897992176538.85144043
200.60899158		217153271275171.59375000
200.68362290		160880532953393.78125000
200.75825422		446238607810095.75000000
200.83288555		576238198150249.50000000
200.90751687		928107911776273.62500000
200.98214819		601869662900679.25000000
201.05677951		59204650376871.94531250
201.13141083		132962939587297.56250000
201.20604215		275009396724970.43750000
201.28067347		13237379648552.37890625
201.35530480		150552132624479.25000000
201.42993612		50930374522918.78125000
201.50456744		96935141764259.78125000
201.57919876		224116024950847.28125000
201.65383008		145079511239297.25000000
201.72846140		718720448068898.75000000
201.80309272		520564497880875.43750000
201.87772404		359964580622907.43750000
201.95235537		740111479349100.12500000
202.02698669		270070591084039.90625000
202.10161801		368005272848088.31250000
202.17624933		360650344077550.37500000
202.25088065		38447216287714.34375000
202.32551197		198148596939817.12500000
202.40014329		339468955671479.43750000
202.47477461		374164027314569.62500000
202.54940594		496671832563187.50000000
202.62403726		1316263093844631.75000000
202.69866858		293003653378970.00000000
202.77329990		429323399148949.75000000
202.84793122		808275288582934.62500000
202.92256254		106146313647829.26562500
202.99719386		437480680000130.25000000
203.07182518		289345550161118.50000000
203.14645651		220337139669861.71875000
203.22108783		461520102786215.00000000
203.29571915		471922744967109.81250000
203.37035047		747770067660425.12500000
203.44498179		30270367776401.05468750
203.51961311		92909444796342.07812500
203.59424443		481432575827977.31250000
203.66887575		544372650231065.12500000
203.74350708		231700187066475.50000000
203.81813840		215300413047047.78125000
203.89276972		289410191870794.43750000
203.96740104		1954850263750075.50000000
204.04203236		314563584446368.31250000
204.11666368		140454615436914.95312500
204.19129500		362811676335497.62500000
204.26592632		25845746491936.10546875
204.34055765		70886410814225.25000000
204.41518897		836268294104917.12500000
204.48982029		799620772620577.37500000
204.56445161		336092785296225.93750000
204.63908293		729591447571244.75000000
204.71371425		219710468910957.09375000
204.78834557		68655551440078.88281250
204.86297689		621288757601622.00000000
204.93760822		538109478447026.68750000
205.01223954		614177179969948.00000000
205.08687086		428259558026310.00000000
205.16150218		228573174198506.18750000
205.23613350		296510205794789.93750000
205.31076482		213868961823147.15625000
205.38539614		695375419382520.75000000
205.46002747		348478101139611.87500000
205.53465879		48438062385994.07812500
205.60929011		144685776880905.50000000
205.68392143		388425707187577.00000000
205.75855275		373035254636597.18750000
205.83318407		117752100997058.26562500
205.90781539		383090993026140.12500000
205.98244671		26259387486833.23046875
206.05707804		761334414399656.87500000
206.13170936		30946340824680.54687500
206.20634068		1469220371188082.00000000
206.28097200		229505269287466.50000000
206.35560332		628563539334833.12500000
206.43023464		226243374302058.25000000
206.50486596		179944922533334.96875000
206.57949728		437345819142480.12500000
206.65412861		1081307222119207.87500000
206.72875993		626794201008776.12500000
206.80339125		518606605382161.00000000
206.87802257		205017164082125.46875000
206.95265389		54795933919082.28906250
207.02728521		148406642944250.34375000
207.10191653		309019949195535.81250000
207.17654785		347892458225607.37500000
207.25117918		25302341816570.00390625
207.32581050		10129337521935.62695312
207.40044182		60543223812479.49218750
207.47507314		12766800982883.30859375
207.54970446		800126149580464.00000000
207.62433578		592963011894924.75000000
207.69896710		429572857354949.81250000
207.77359842		403985086596681.31250000
207.84822975		736835743159807.75000000
207.92286107		88892030024848.37500000
207.99749239		100597652955429.93750000
208.07212371		326192659355958.31250000
208.14675503		104383475380586.04687500
208.22138635		545317011564723.75000000
208.29601767		76281875854050.92187500
208.37064899		42473147746190.64843750
208.44528032		402764708599590.81250000
208.51991164		573133561012744.25000000
208.59454296		580089355202290.87500000
208.66917428		305263724167594.31250000
208.74380560		463984215259650.75000000
208.81843692		545727344611351.68750000
208.89306824		296547060515768.68750000
208.96769956		166589500337712.87500000
209.04233089		6715182095188.26269531
209.11696221		244444454195010.56250000
209.19159353		60803312504282.62500000
209.26622485		9593560356396.37304688
209.34085617		110191328872738.42187500
209.41548749		37762663743249.98437500
209.49011881		596311977014873.12500000
209.56475014		572063235568635.12500000
209.63938146		50227724719052.60937500
209.71401278		139991747000531.51562500
209.78864410		309769462791843.18750000
209.86327542		570479541835509.25000000
209.93790674		68304611499772.78906250
210.01253806		562107832035365.18750000
210.08716938		62003759498829.16406250
210.16180071		1169941906984139.50000000
210.23643203		718324362870316.62500000
210.31106335		445504844378493.81250000
210.38569467		176551152167362.25000000
210.46032599		43451815681172.60937500
210.53495731		53994595081334.72656250
210.60958863		381299803698720.93750000
210.68421995		193438521599185.25000000
210.75885128		169929027121357.62500000
210.83348260		93620170049258.76562500
210.90811392		777929906829086.37500000
210.98274524		214284247474275.06250000
211.05737656		10054248687583.35156250
211.13200788		113787156678755.40625000
211.20663920		63698449911280.85156250
211.28127052		442287718918212.68750000
211.35590185		81896211820438.43750000
211.43053317		488233871040278.25000000
211.50516449		109213188348385.79687500
211.57979581		657378432381766.50000000
211.65442713		453176367506185.75000000
211.72905845		632871082236057.00000000
211.80368977		11351008325561.37304688
211.87832109		477610395357339.75000000
211.95295242		45533998042495.82812500
212.02758374		211342894034003.87500000
212.10221506		18504561877254.05859375
212.17684638		97699966199897.32812500
212.25147770		406750166187140.00000000
212.32610902		145287929727448.62500000
212.40074034		74793326459435.15625000
212.47537166		81517838055686.67187500
212.55000299		2171193110207226.50000000
212.62463431		820350866633530.00000000
212.69926563		145097130706934.90625000
212.77389695		229983667368692.68750000
212.84852827		319319138614760.50000000
212.92315959		152621359557194.50000000
212.99779091		94273208835161.87500000
213.07242223		43330539731663.07031250
213.14705356		104005193590403.53125000
213.22168488		444142533391578.31250000
213.29631620		502316235651574.25000000
213.37094752		108592776048345.98437500
213.44557884		272401743341107.15625000
213.52021016		110408304980061.50000000
213.59484148		326587066363684.25000000
213.66947281		214313369304564.75000000
213.74410413		564849417454324.87500000
213.81873545		223265674103121.40625000
213.89336677		98482165859988.18750000
213.96799809		148928565042720.18750000
214.04262941		163438035921538.46875000
214.11726073		864218961866334.62500000
214.19189205		1689262002640457.50000000
214.26652338		105121029256086.75000000
214.34115470		1054947539957908.12500000
214.41578602		1346342615988697.00000000
214.49041734		12022070390368.54296875
214.56504866		64590333648556.57031250
214.63967998		101771524786232.70312500
214.71431130		280024275495226.71875000
214.78894262		181882867042146.59375000
214.86357395		147089384519001.43750000
214.93820527		19686438600890.23046875
215.01283659		61214458703186.87500000
215.08746791		891498804563031.62500000
215.16209923		1146997280584960.75000000
215.23673055		111343107195025.34375000
215.31136187		395113888117572.06250000
215.38599319		66954345663712.64843750
215.46062452		6850164482580.60449219
215.53525584		515681772184772.62500000
215.60988716		426731180671284.25000000
215.68451848		23153344279584.76562500
215.75914980		827380054532091.87500000
215.83378112		205037201507749.78125000
215.90841244		66648516590485.12500000
215.98304376		82855328360930.78125000
216.05767509		107860531747348.92187500
216.13230641		15768802783280.14648438
216.20693773		1381705710098621.25000000
216.28156905		507007579810369.75000000
216.35620037		344973591102947.56250000
216.43083169		3908925566865.69433594
216.50546301		122378800382932.28125000
216.58009433		756168864236090.50000000
216.65472566		86423438468603.26562500
216.72935698		394288284078498.12500000
216.80398830		533872197284050.50000000
216.87861962		62511178399451.89843750
216.95325094		202791553117111.21875000
217.02788226		60196890050712.78906250
217.10251358		464305747469666.37500000
217.17714490		1555790145977674.25000000
217.25177623		170175061476304.84375000
217.32640755		210958401843060.84375000
217.40103887		156428529984588.12500000
217.47567019		174057081198050.96875000
217.55030151		73513441982757.31250000
217.62493283		623714223654025.37500000
217.69956415		222352611882122.68750000
217.77419548		106524395762316.64062500
217.84882680		21323522263803.67578125
217.92345812		222510470883865.59375000
217.99808944		67631556689645.56250000
218.07272076		879037257516123.50000000
218.14735208		553808752520129.68750000
218.22198340		10535522072261.50585938
218.29661472		16238143910276.81835938
218.37124605		77560383092694.39062500
218.44587737		197917740086330.03125000
218.52050869		269757397274724.15625000
218.59514001		88491231837881.10937500
218.66977133		418371546886761.31250000
218.74440265		23062936088248.41796875
218.81903397		149381534505480.06250000
218.89366529		1089391431800540.25000000
218.96829662		323956525982530.50000000
219.04292794		126039080135832.09375000
219.11755926		61447613983087.25000000
219.19219058		151618646519262.87500000
219.26682190		208849831713815.93750000
219.34145322		947229891832300.00000000
219.41608454		840295084438733.62500000
219.49071586		43394280882403.61718750
219.56534719		7859626032434.92675781
219.63997851		59019333533745.85156250
219.71460983		611096118274658.87500000
219.78924115		1132686937497807.00000000
219.86387247		67793036124445.35156250
219.93850379		101936350814578.09375000
220.01313511		264111116931460.46875000
220.08776643		1121215693376547.25000000
220.16239776		408883682495357.25000000
220.23702908		655229723406668.50000000
220.31166040		199797255722038.43750000
220.38629172		581728795259669.50000000
220.46092304		3313245163243.01660156
220.53555436		288060665380688.37500000
220.61018568		6925841247860.45214844
220.68481700		393718453919589.43750000
220.75944833		816869634378443.62500000
220.83407965		133696785167798.37500000
220.90871097		129816635531366.12500000
220.98334229		256375301896730.53125000
221.05797361		94987830725304.93750000
221.13260493		143702196507176.50000000
221.20723625		84375836635273.12500000
221.28186757		282810280879324.56250000
221.35649890		202682633439219.28125000
221.43113022		301305682762478.25000000
221.50576154		412381609804547.68750000
221.58039286		55439644461230.75781250
221.65502418		168417386182591.90625000
221.72965550		38936827305245.73437500
221.80428682		126186832865461.59375000
221.87891815		28290891312967.89453125
221.95354947		137282214042864.68750000
222.02818079		191441802360754.15625000
222.10281211		297007442843544.87500000
222.17744343		1791987241076976.75000000
222.25207475		1065040797809899.87500000
222.32670607		42018151927278.25000000
222.40133739		610555874106792.75000000
222.47596872		78907290962687.62500000
222.55060004		812876479508991.87500000
222.62523136		970911102312118.25000000
222.69986268		257648737052462.40625000
222.77449400		53594785794563.07031250
222.84912532		445834244151075.50000000
222.92375664		419317472449012.00000000
222.99838796		312596912979574.43750000
223.07301929		65862188255210.21875000
223.14765061		489635313933679.87500000
223.22228193		540973945915221.81250000
223.29691325		564400124238944.87500000
223.37154457		167236950426230.59375000
223.44617589		1711121515499568.50000000
223.52080721		339774637065894.68750000
223.59543853		321877291486939.50000000
223.67006986		116937273812159.87500000
223.74470118		1324138872315926.50000000
223.81933250		609071366996809.25000000
223.89396382		572420846136228.25000000
223.96859514		1715082572259277.75000000
224.04322646		94443661082959.92187500
224.11785778		318738880941677.50000000
224.19248910		213361900886035.31250000
224.26712043		55191150853068.54687500
224.34175175		1029623579313877.87500000
224.41638307		506472407453725.50000000
224.49101439		22555368447250.33593750
224.56564571		242278565328350.25000000
224.64027703		100196220941974.26562500
224.71490835		1053918739983283.62500000
224.78953967		17005783519030.00781250
224.86417100		962162143793867.25000000
224.93880232		210951651687854.21875000
225.01343364		973932087861283.62500000
225.08806496		387601847271173.31250000
225.16269628		70524553390309.31250000
225.23732760		176818980282092.43750000
225.31195892		130169986323329.26562500
225.38659025		106664704098421.56250000
225.46122157		904718083054989.12500000
225.53585289		169286111486275.59375000
225.61048421		485492574049826.62500000
225.68511553		2037966266646.07592773
225.75974685		217989574210222.71875000
225.83437817		241374241646723.90625000
225.90900949		52003611723173.77343750
225.98364082		377387585030039.43750000
226.05827214		209111533142237.84375000
226.13290346		12306099344962.00781250
226.20753478		343438480156232.62500000
226.28216610		614605171733421.62500000
226.35679742		139756385860864.75000000
226.43142874		994335390436608.00000000
226.50606006		17678618150647.78906250
226.58069139		908582749154019.12500000
226.65532271		229200298783170.65625000
226.72995403		38295572249182.31250000
226.80458535		1181644149527300.75000000
226.87921667		170195210952766.12500000
226.95384799		180508615116154.18750000
227.02847931		819181166638840.25000000
227.10311063		707490786678308.12500000
227.17774196		382253813647187.06250000
227.25237328		80200549123199.68750000
227.32700460		173834309852039.87500000
227.40163592		571661163163283.12500000
227.47626724		256432595392208.12500000
227.55089856		125310668119900.71875000
227.62552988		833810652571749.25000000
227.70016120		10048761416011.03515625
227.77479253		383346496010274.50000000
227.84942385		33151560931388.03125000
227.92405517		106825089616994.21875000
227.99868649		410795186655729.06250000
228.07331781		323572289036786.00000000
228.14794913		248126184503369.59375000
228.22258045		84327724372363.51562500
228.29721177		458871266593051.25000000
228.37184310		1179852251249394.75000000
228.44647442		154857620952995.12500000
228.52110574		92103327675634.95312500
228.59573706		421262850650778.68750000
228.67036838		147879185816338.50000000
228.74499970		1075274009284729.50000000
228.81963102		787489479278283.00000000
228.89426234		777755303186332.25000000
228.96889367		348433379920583.37500000
229.04352499		222562997661612.81250000
229.11815631		1822180436810881.75000000
229.19278763		14217384773363.25195312
229.26741895		25900021950798.36328125
229.34205027		819491948531847.75000000
229.41668159		14517895923182.50585938
229.49131292		466145829119222.31250000
229.56594424		74440355059178.03125000
229.64057556		4363162971778.06054688
229.71520688		305460499527629.25000000
229.78983820		93236498562005.42187500
229.86446952		414498679031704.12500000
229.93910084		207196240469622.34375000
230.01373216		61301741886132.43750000
230.08836349		267994381251515.15625000
230.16299481		554445663816882.00000000
230.23762613		598642815212838.25000000
230.31225745		149352535130979.00000000
230.38688877		174487453396633.75000000
230.46152009		355903425847755.12500000
230.53615141		326525958848805.56250000
230.61078273		581711798770342.37500000
230.68541406		175486282191979.00000000
230.76004538		595807796956572.87500000
230.83467670		146822266624912.53125000
230.90930802		996694755584312.75000000
230.98393934		86822248511769.92187500
231.05857066		619454477194851.75000000
231.13320198		1273294262045392.50000000
231.20783330		1414394716498633.50000000
231.28246463		258263055353309.68750000
231.35709595		341471958343006.31250000
231.43172727		775305015983587.37500000
231.50635859		276356685948767.87500000
231.58098991		920271917944173.12500000
231.65562123		77081340501545.37500000
231.73025255		181039113135906.53125000
231.80488387		169833017368135.96875000
231.87951520		408704110158141.50000000
231.95414652		2297257759379794.50000000
232.02877784		362102498571500.62500000
232.10340916		360655627839904.81250000
232.17804048		144616419846114.46875000
232.25267180		722606508377699.12500000
232.32730312		80336768066621.25000000
232.40193444		50065700404572.49218750
232.47656577		209615132218750.31250000
232.55119709		128317841457559.26562500
232.62582841		122861813178688.01562500
232.70045973		365872129952381.75000000
232.77509105		584228024594723.87500000
232.84972237		56182007663610.67968750
232.92435369		212068985715855.06250000
232.99898501		220864523419902.31250000
233.07361634		196460535092043.93750000
233.14824766		1120257512770017.37500000
233.22287898		583846514105728.37500000
233.29751030		120727653667500.53125000
233.37214162		1427005836192418.00000000
233.44677294		120076661314189.15625000
233.52140426		774297896711002.37500000
233.59603559		99393614569847.40625000
233.67066691		114036497889534.85937500
233.74529823		35298665045126.41406250
233.81992955		157082336800748.21875000
233.89456087		224565885646238.28125000
233.96919219		507061356753961.56250000
234.04382351		398034688395274.68750000
234.11845483		719662254521744.50000000
234.19308616		1500308406646158.00000000
234.26771748		382466943607686.25000000
234.34234880		80637475965875.04687500
234.41698012		54686007808592.96093750
234.49161144		415809123675832.50000000
234.56624276		35031500695496.28125000
234.64087408		174614256276655.25000000
234.71550540		191411668119305.28125000
234.79013673		74192105736279.76562500
234.86476805		626037180850700.62500000
234.93939937		345015166127927.00000000
235.01403069		196249154099770.15625000
235.08866201		794162948031838.12500000
235.16329333		560061858544446.00000000
235.23792465		90108646251164.65625000
235.31255597		483994286991986.87500000
235.38718730		213937621226272.06250000
235.46181862		38416250541599.46875000
235.53644994		276745976569720.12500000
235.61108126		106235374293382.03125000
235.68571258		401744880660387.50000000
235.76034390		197325605913761.15625000
235.83497522		59438713635375.02343750
235.90960654		407922557486934.18750000
235.98423787		193600190817193.28125000
236.05886919		869519348675169.62500000
236.13350051		160191917982595.65625000
236.20813183		523934530012926.75000000
236.28276315		567574950121309.12500000
236.35739447		858896598894146.87500000
236.43202579		155148344839699.68750000
236.50665711		16990408969009.13085938
236.58128844		655476972873263.25000000
236.65591976		733677650909670.37500000
236.73055108		32774640907128.01562500
236.80518240		760027142281819.75000000
236.87981372		328941666228969.06250000
236.95444504		289491330845066.00000000
237.02907636		425978815395090.75000000
237.10370768		163050774499086.00000000
237.17833901		85819480482496.21875000
237.25297033		297625447553316.31250000
237.32760165		284625312712962.43750000
237.40223297		31582969798120.83203125
237.47686429		552126070420305.25000000
237.55149561		314917916804698.62500000
237.62612693		752046793556246.00000000
237.70075826		291035412678338.25000000
237.77538958		88690206386244.48437500
237.85002090		156063249155646.31250000
237.92465222		250191329036647.87500000
237.99928354		664492321885571.75000000
238.07391486		384794769327167.00000000
238.14854618		291490544283358.43750000
238.22317750		259559837866652.34375000
238.29780883		378828512096391.18750000
238.37244015		296416251914081.50000000
238.44707147		279080680348643.59375000
238.52170279		153973883628371.68750000
238.59633411		707282035451076.75000000
238.67096543		27163076609623.61718750
238.74559675		43436706702987.22656250
238.82022807		151257148507976.59375000
238.89485940		567124555785262.25000000
238.96949072		495106329816700.37500000
239.04412204		383203149932037.93750000
239.11875336		92160200753138.03125000
239.19338468		125086637287168.50000000
239.26801600		41877320605231.39843750
239.34264732		240920215723235.31250000
239.41727864		325237400755504.18750000
239.49190997		1460607310757.69458008
239.56654129		666208457127919.00000000
239.64117261		151923029667188.78125000
239.71580393		9926798443271.66210938
239.79043525		536865025043535.31250000
239.86506657		253788256623799.62500000
239.93969789		1605109592529847.75000000
240.01432921		617793673219393.00000000
240.08896054		312852250176645.62500000
240.16359186		201374952661150.40625000
240.23822318		115268732049806.51562500
240.31285450		383154971198530.43750000
240.38748582		26502699301398.35156250
240.46211714		501515224792070.75000000
240.53674846		490944267608787.75000000
240.61137978		81756361746521.21875000
240.68601111		133287066531073.65625000
240.76064243		184945901014260.75000000
240.83527375		90671369062010.78125000
240.90990507		222993441337983.53125000
240.98453639		284337288680688.31250000
241.05916771		692814254196352.37500000
241.13379903		1260825518823970.75000000
241.20843035		194902200287946.46875000
241.28306168		276554643011081.21875000
241.35769300		194352460579122.15625000
241.43232432		998864112581332.50000000
241.50695564		174403537815665.34375000
241.58158696		385430226858143.56250000
241.65621828		215136495946367.75000000
241.73084960		74688609770480.39062500
241.80548093		47217719214996.85937500
241.88011225		115035648612267.56250000
241.95474357		221441516323505.71875000
242.02937489		504475472937316.62500000
242.10400621		159286989446075.09375000
242.17863753		542128627326952.43750000
242.25326885		32335524758565.84765625
242.32790017		83633865862975.51562500
242.40253150		66430872791943.49218750
242.47716282		211575671185238.25000000
242.55179414		230329071411032.90625000
242.62642546		443208130762968.75000000
242.70105678		431683395271082.68750000
242.77568810		22811552205799.41406250
242.85031942		486878361042694.81250000
242.92495074		833364847251159.37500000
242.99958207		995693850572394.25000000
243.07421339		69090456329725.17187500
243.14884471		208975605508513.18750000
243.22347603		4503921286179.49023438
243.29810735		289173748798843.87500000
243.37273867		662767421358121.87500000
243.44736999		639119790696295.50000000
243.52200131		63981817314987.43750000
243.59663264		1061720085315352.50000000
243.67126396		146778700489174.15625000
243.74589528		367324441630197.12500000
243.82052660		385682853128656.81250000
243.89515792		215972383805270.68750000
243.96978924		463834923718875.43750000
244.04442056		15170957719276.80859375
244.11905188		50406621226255.32812500
244.19368321		423462980709550.25000000
244.26831453		408213422533387.06250000
244.34294585		134578689080155.64062500
244.41757717		47138472918043.33593750
244.49220849		113828271268893.75000000
244.56683981		702680390537625.25000000
244.64147113		236340115693676.18750000
244.71610245		212857420352194.59375000
244.79073378		110672937668918.93750000
244.86536510		634272406088707.12500000
244.93999642		182484904019801.68750000
245.01462774		23784144451598.32421875
245.08925906		995547682754118.75000000
245.16389038		242481285952683.34375000
245.23852170		68086983714907.78906250
245.31315302		271043228888680.06250000
245.38778435		538468347453842.68750000
245.46241567		525406418352192.93750000
245.53704699		189175770563492.25000000
245.61167831		395059120594235.00000000
245.68630963		493796953132309.50000000
245.76094095		572463567097068.62500000
245.83557227		483728954416359.43750000
245.91020360		699380549790255.50000000
245.98483492		291790700140964.12500000
246.05946624		86304454623088.78125000
246.13409756		115443538374925.01562500
246.20872888		145004125634160.96875000
246.28336020		852705462489426.50000000
246.35799152		317167807983731.25000000
246.43262284		220915023725552.50000000
246.50725417		92177705951708.28125000
246.58188549		968723691192546.37500000
246.65651681		27310598849329.73046875
246.73114813		73228640616974.68750000
246.80577945		158490313750498.40625000
246.88041077		1022734538662862.75000000
246.95504209		510470383723736.93750000
247.02967341		286607515055014.56250000
247.10430474		137949753472869.65625000
247.17893606		300005731021266.12500000
247.25356738		80135708025364.60937500
247.32819870		272945280744046.43750000
247.40283002		442298862333022.00000000
247.47746134		111189510797333.68750000
247.55209266		440386387988593.50000000
247.62672398		12438733641828.63281250
247.70135531		936759343923125.12500000
247.77598663		192089245792252.56250000
247.85061795		301007603820299.68750000
247.92524927		421223753911034.25000000
247.99988059		129797463560501.92187500
248.07451191		36380558278684.62500000
248.14914323		1215112400346446.00000000
248.22377455		30072626420938.67968750
248.29840588		223790594212268.78125000
248.37303720		344911445495803.37500000
248.44766852		281695282300746.81250000
248.52229984		367488453422708.37500000
248.59693116		475283777358267.18750000
248.67156248		307165629236505.93750000
248.74619380		598308606048088.50000000
248.82082512		16737051418220.95898438
248.89545645		302726360885369.87500000
248.97008777		305774295451424.43750000
249.04471909		489978461041200.43750000
249.11935041		328573849434419.18750000
249.19398173		245185167839469.43750000
249.26861305		480930538694278.43750000
249.34324437		49479136195563.21093750
249.41787569		235886186635804.06250000
249.49250702		2513199040038630.00000000
249.56713834		203365622367794.78125000
249.64176966		7403424749489.83789062
249.71640098		1151261875769762.00000000
249.79103230		58723728101207.80468750
249.86566362		294070742839028.06250000
249.94029494		46940799268303.78906250
250.01492627		62815037608082.22656250
250.08955759		18797739253478.98828125
250.16418891		370899403177997.75000000
250.23882023		135079496869406.42187500
250.31345155		192229744230210.71875000
250.38808287		54716684446542.25781250
250.46271419		635998188744881.12500000
250.53734551		63233699873857.10937500
250.61197684		165419103012084.31250000
250.68660816		98548490648826.87500000
250.76123948		350844108249013.25000000
250.83587080		364361793226627.93750000
250.91050212		815383595821069.75000000
250.98513344		272938805593280.12500000
251.05976476		59880855319116.43750000
251.13439608		568566352916759.50000000
251.20902741		835127352809083.25000000
251.28365873		515183501296672.43750000
251.35829005		59819009554245.25781250
251.43292137		129015846711085.70312500
251.50755269		367771682023697.62500000
251.58218401		1020833605393760.50000000
251.65681533		400702022542382.06250000
251.73144665		317318575517573.06250000
251.80607798		2212072690923.24609375
251.88070930		143999194238219.21875000
251.95534062		1057928095007259.25000000
252.02997194		658875097385541.50000000
252.10460326		440799068257004.31250000
252.17923458		293872415321157.68750000
252.25386590		87457263314669.79687500
252.32849722		468632500746773.18750000
252.40312855		407356262789514.31250000
252.47775987		248928261143351.34375000
252.55239119		115367858994292.28125000
252.62702251		885031960983264.00000000
252.70165383		408657763565427.43750000
252.77628515		185458509241198.34375000
252.85091647		831581954568886.87500000
252.92554779		63364444579952.20312500
253.00017912		672487958558422.12500000
253.07481044		245651481381354.75000000
253.14944176		3577431802423.16552734
253.22407308		533932865030083.81250000
253.29870440		177520337729540.56250000
253.37333572		1308409022897963.75000000
253.44796704		154760868301041.56250000
253.52259837		74548439110411.15625000
253.59722969		5326778202273.10449219
253.67186101		179768411356579.03125000
253.74649233		468057340917483.87500000
253.82112365		811409334260841.62500000
253.89575497		160417567020090.53125000
253.97038629		5594193330068.38281250
254.04501761		342910982530321.87500000
254.11964894		51765849113159.22656250
254.19428026		313392509194726.62500000
254.26891158		342290704137946.56250000
254.34354290		53568194778870.94531250
254.41817422		539926109801866.18750000
254.49280554		515482466569438.18750000
254.56743686		199775601522682.75000000
254.64206818		385798130917366.93750000
254.71669951		1263309614745016.25000000
254.79133083		592640864757961.37500000
254.86596215		161027452574505.78125000
254.94059347		13527819015325.12500000
255.01522479		83839298091353.43750000
255.08985611		181129359518375.43750000
255.16448743		208857574076748.21875000
255.23911875		718778324397867.75000000
255.31375008		554464310890222.81250000
255.38838140		196529211660352.56250000
255.46301272		28860622871114.24218750
255.53764404		72742794987825.43750000
255.61227536		130649590844831.75000000
255.68690668		33822210539010.55468750
255.76153800		25410880469561.48437500
255.83616932		129773698560895.89062500
255.91080065		425462193715942.31250000
255.98543197		310717771847130.62500000
256.06006329		39601645022283.96093750
256.13469461		489714175570047.75000000
256.20932593		676219584376785.50000000
256.28395725		1980801106758191.50000000
256.35858857		204758452971977.46875000
256.43321989		234759798169393.43750000
256.50785122		125921868345366.53125000
256.58248254		116960907081321.14062500
256.65711386		59745519640083.33593750
256.73174518		391381080835468.25000000
256.80637650		85679383753370.25000000
256.88100782		689592707271724.75000000
256.95563914		122244556307996.04687500
257.03027046		97780189281764.76562500
257.10490179		444698574351204.62500000
257.17953311		384991557065180.75000000
257.25416443		29068746243018.93750000
257.32879575		1054577887868013.00000000
257.40342707		60470500695700.89843750
257.47805839		344289497808190.56250000
257.55268971		15251710341917.24218750
257.62732104		257707780508164.37500000
257.70195236		344665731535263.50000000
257.77658368		47578112261062.56250000
257.85121500		518661126170804.56250000
257.92584632		646479429563517.87500000
258.00047764		58538521288931.94531250
258.07510896		190042088493194.59375000
258.14974028		295899887839593.68750000
258.22437161		279197650541038.03125000
258.29900293		103443996203858.28125000
258.37363425		871881055330329.12500000
258.44826557		132708348068601.67187500
258.52289689		14772472086703.69335938
258.59752821		118891519068234.45312500
258.67215953		38645258186252.31250000
258.74679085		375937514262578.56250000
258.82142218		379533063736939.43750000
258.89605350		74311460080337.62500000
258.97068482		419513594591466.00000000
259.04531614		44710303952983.55468750
259.11994746		216503744874376.40625000
259.19457878		23517044002616.00390625
259.26921010		78963977349049.60937500
259.34384142		690984339421086.37500000
259.41847275		153851987676592.31250000
259.49310407		414148201553311.75000000
259.56773539		304402055853418.62500000
259.64236671		373785961682082.62500000
259.71699803		1314016084109950.00000000
259.79162935		489514269650962.25000000
259.86626067		503376402183169.50000000
259.94089199		29814502047405.53515625
260.01552332		271595523763658.34375000
260.09015464		184858011761618.59375000
260.16478596		1514445431889716.25000000
260.23941728		897617191714705.87500000
260.31404860		331419804345992.81250000
260.38867992		193507249156773.75000000
260.46331124		457760338992533.43750000
260.53794256		542892291370973.62500000
260.61257389		10555455023328.26562500
260.68720521		16272848528226.52539062
260.76183653		405578469762252.18750000
260.83646785		604231101974136.12500000
260.91109917		40682181991757.60156250
260.98573049		220775865810469.71875000
261.06036181		139796540553540.09375000
261.13499313		50029643530882.19531250
261.20962446		40655470049187.91406250
261.28425578		82830729857735.53125000
261.35888710		156405122380525.75000000
261.43351842		147443507762711.62500000
261.50814974		1003481731002752.37500000
261.58278106		719486530136664.37500000
261.65741238		87245529709902.67187500
261.73204371		62189029186166.25781250
261.80667503		1771378613994245.75000000
261.88130635		55412916056790.29687500
261.95593767		1657018965258.66748047
262.03056899		1155438846560083.25000000
262.10520031		382866238006128.68750000
262.17983163		411942404079939.18750000
262.25446295		344325807411145.12500000
262.32909428		20320730344.13950348
262.40372560		1124114513517948.25000000
262.47835692		92153905061288.71875000
262.55298824		60898461854596.00781250
262.62761956		761176134603640.00000000
262.70225088		254556291054312.40625000
262.77688220		922922713426944.87500000
262.85151352		37680468111262.20312500
262.92614485		184995953901555.12500000
263.00077617		388850740659783.31250000
263.07540749		264065367126965.28125000
263.15003881		140407647857409.51562500
263.22467013		527187291396854.12500000
263.29930145		112926480655879.79687500
263.37393277		33751840950473.60937500
263.44856409		641994859014049.00000000
263.52319542		684127649368403.12500000
263.59782674		180846488953598.25000000
263.67245806		288269706155179.06250000
263.74708938		117093473769561.07812500
263.82172070		577444655492219.50000000
263.89635202		558413743207914.75000000
263.97098334		401176342365891.06250000
264.04561466		612171469364899.50000000
264.12024599		50427235086120.57812500
264.19487731		258520907277809.25000000
264.26950863		288181627253896.06250000
264.34413995		458673584080602.18750000
264.41877127		243662996963460.75000000
264.49340259		39522158560369.27343750
264.56803391		306846306276536.68750000
264.64266523		1095459882981384.00000000
264.71729656		24755148075436.36718750
264.79192788		439752920760844.50000000
264.86655920		649836538813659.87500000
264.94119052		37489048547626.57031250
265.01582184		74946102917878.50000000
265.09045316		676706447395879.00000000
265.16508448		441819572914180.18750000
265.23971580		446355400513198.62500000
265.31434713		2831696197584.43310547
265.38897845		382368962823774.50000000
265.46360977		216324218795226.21875000
265.53824109		1090228035142122.62500000
265.61287241		150453094291931.06250000
265.68750373		809541722727771.00000000
265.76213505		59142231109589.03906250
265.83676638		594678308762863.87500000
265.91139770		2129539450469.09252930
265.98602902		176771142831439.81250000
266.06066034		130163452051036.68750000
266.13529166		1280842869915606.25000000
266.20992298		99494212816332.32812500
266.28455430		452494510806101.00000000
266.35918562		33773138708171.48828125
266.43381695		1302632597801884.00000000
266.50844827		313450763059159.18750000
266.58307959		429995857669267.75000000
266.65771091		132882691742868.98437500
266.73234223		332181820194936.37500000
266.80697355		83258579607334.54687500
266.88160487		524634690985516.62500000
266.95623619		1410262209354239.25000000
267.03086752		586886137747129.50000000
267.10549884		124061871364539.03125000
267.18013016		580632133524985.25000000
267.25476148		114073530221471.00000000
267.32939280		9106451312780.68945312
267.40402412		744301025431737.37500000
267.47865544		321795901079524.75000000
267.55328676		63747111814945.77343750
267.62791809		218721152991750.25000000
267.70254941		92589344240732.90625000
267.77718073		1281910510119.54931641
267.85181205		481839727108054.06250000
267.92644337		90481775672926.50000000
268.00107469		404522927215684.68750000
268.07570601		226464396966888.87500000
268.15033733		346046061426664.00000000
268.22496866		448459467162580.37500000
268.29959998		186128339417654.18750000
268.37423130		324778849843784.25000000
268.44886262		471377072479530.93750000
268.52349394		248966354516022.21875000
268.59812526		2629282771951995.50000000
268.67275658		27093808987949.97265625
268.74738790		150306826313567.84375000
268.82201923		57833488489192.28906250
268.89665055		60264705396756.57031250
268.97128187		410651533856260.37500000
269.04591319		649439238727560.87500000
269.12054451		385302188592627.81250000
269.19517583		227261424650819.31250000
269.26980715		852430207361329.25000000
269.34443847		847792239651815.00000000
269.41906980		160748285274189.56250000
269.49370112		444894459677876.00000000
269.56833244		290956314995357.31250000
269.64296376		624641612605176.37500000
269.71759508		212325753022666.21875000
269.79222640		1271163407004873.50000000
269.86685772		206752000874465.56250000
269.94148905		246980498458588.53125000
270.01612037		69961688255153.50781250
270.09075169		506943361665509.18750000
270.16538301		249581692263693.09375000
270.24001433		218670648789791.18750000
270.31464565		93428671736560.21875000
270.38927697		314682849783651.12500000
270.46390829		1857605131735231.25000000
270.53853962		178494640894811.96875000
270.61317094		403123702910502.06250000
270.68780226		3206699013346.44873047
270.76243358		404643039861603.87500000
270.83706490		410936313310638.12500000
270.91169622		21631715148192.53515625
270.98632754		362531561233444.43750000
271.06095886		745076737990515.62500000
271.13559019		825531125247104.75000000
271.21022151		305116044590253.25000000
271.28485283		65439399989170.63281250
271.35948415		36582996654496.96093750
271.43411547		224445758034205.12500000
271.50874679		1178918329451672.50000000
271.58337811		101158797323494.42187500
271.65800943		132008768620615.82812500
271.73264076		219793292478323.46875000
271.80727208		1017578851651800.00000000
271.88190340		1800043582004293.25000000
271.95653472		235157865545224.78125000
272.03116604		88618921228702.84375000
272.10579736		448303687998720.25000000
272.18042868		10708389068806.17578125
272.25506000		349695449257880.18750000
272.32969133		112944547056045.40625000
272.40432265		461386814513506.93750000
272.47895397		642407927233601.87500000
272.55358529		444192732089252.81250000
272.62821661		50524568757715.69531250
272.70284793		281074327347061.18750000
272.77747925		25635697881100.16796875
272.85211057		71937311284804.14062500
272.92674190		1000960316547785.50000000
273.00137322		213865617910103.15625000
273.07600454		1331347386158923.00000000
273.15063586		775942890032015.25000000
273.22526718		40739219178834.82031250
273.29989850		236522284490576.90625000
273.37452982		798604500763680.62500000
273.44916114		19654344221212.16406250
273.52379247		195421411477619.90625000
273.59842379		531842414949327.12500000
273.67305511		57731467950829.65625000
273.74768643		262500490264521.84375000
273.82231775		589133179859332.87500000
273.89694907		325309393233020.43750000
273.97158039		339545659338535.12500000
274.04621172		193508779297842.12500000
274.12084304		234475731943411.06250000
274.19547436		74954449683736.06250000
274.27010568		844755904789970.62500000
274.34473700		317826847379983.75000000
274.41936832		55702127281714.65625000
274.49399964		295134349472944.56250000
274.56863096		167712428342830.09375000
274.64326229		301537085180673.18750000
274.71789361		750364797025834.75000000
274.79252493		93973443846108.76562500
274.86715625		771177155481806.00000000
274.94178757		1246405635109.13476562
275.01641889		60007996847652.09375000
275.09105021		138067545973924.62500000
275.16568153		463452985766941.37500000
275.24031286		150264893812797.31250000
275.31494418		231722901631939.87500000
275.38957550		1114485051010019.50000000
275.46420682		5695881431433.74511719
275.53883814		115935871622134.37500000
275.61346946		385496614634690.75000000
275.68810078		28646711588780.03515625
275.76273210		1121804879337178.62500000
275.83736343		404149582911046.93750000
275.91199475		2042939427641768.00000000
275.98662607		430422971714425.56250000
276.06125739		1694832181818664.00000000
276.13588871		262267601963250.34375000
276.21052003		360520894709116.75000000
276.28515135		782932857073.23767090
276.35978267		247797517466342.81250000
276.43441400		619610198692578.25000000
276.50904532		477657519341856.00000000
276.58367664		252883814393894.18750000
276.65830796		18383603750622.42187500
276.73293928		533176002005332.93750000
276.80757060		285731086547868.31250000
276.88220192		282832501832004.25000000
276.95683324		896566101822105.37500000
277.03146457		304045666251476.12500000
277.10609589		36544363957994.60156250
277.18072721		245611189239014.15625000
277.25535853		278228028349107.62500000
277.32998985		138120881571297.85937500
277.40462117		41493601807247.13281250
277.47925249		315670371290516.62500000
277.55388381		709015469865816.00000000
277.62851514		238575114296295.59375000
